temp50,tempmax50,tempmin50,tempavg50,code
28.72694863,29,28.72694863,28.78545808,3
32,31.75,32,31,0
33.90802415,34.87736554,33.90802415,34.53809605,1
34,34,34,34,0
26.7684392,26.7684392,26.7684392,26.7684392,2
37.81554734,37.81554734,37.81554734,37.81554734,3
30,30.3333744,30,30.11112369,3
26.00759423,28.40303769,26.00759423,27.12546785,1
39,39,39,39,0
29.87833888,29.91889259,29.87833888,29.88239426,3
30.07438406,30.09917874,30.07438406,30.0867814,2
31.55461228,31.55461228,31.55461228,31.55461228,1
22.69682323,22.69682323,22.59576431,22.67661145,2
27.36796726,28.59199181,27.36796726,27.93917872,1
32,32,32,32,0
25.77498755,25.77498755,25.77498755,25.77498755,2
27,26.5,27,26,0
27.94472948,28.94472948,27.94472948,28.1583346,1
40,40,40,40,0
38,38,37.82288699,37.97638552,1
25.167969,26.37597675,25.167969,25.57397482,1
31,31.22222,32,31,0
27.89137295,28.89137295,27.89137295,28.63305138,2
26.30157055,26.30157055,26.30157055,26.30157055,2
29.29079842,29.29079842,29.29079842,29.29079842,3
26.9158944,26.9158944,26.4579472,26.48339075,1
29,30.88685433,27.11314567,29.52734511,2
23.75511749,24,23.75511749,23.87755875,1
29.71593806,29.81062537,29.71593806,29.72540679,3
27,27,27,27,0
36.32072517,36.32072517,36.32072517,36.32072517,3
28.64789055,28.64789055,28.2957811,28.3153443,1
23.61259976,24,23.61259976,23.80629988,1
31,31,31,31,1
28.68542218,29.12361479,28.68542218,28.72924144,3
30,30.03631453,30,30.01210472,3
26.90741681,27.90741681,26.90741681,27.37636162,1
38,37.6,38,36,0
26.64525152,27.29050304,26.64525152,26.76047409,2
26.61643777,27.61643777,26.61643777,27.15700853,1
34.20318253,19.96511704,19.96511704,19.96511704,1
33,33.81818,36,32,0
26,27,26,26.3509447,1
28.2295041,28.2295041,28.2295041,28.2295041,2
27,28,27,27.13044,1
26,26,26,26,2
22.86050143,23.86050143,22.86050143,22.92799063,1
36.83545764,36.83545764,36.83545764,36.83545764,3
22.34793502,22.34793502,22.34793502,22.34793502,2
36.48815619,36.48815619,36.48815619,36.48815619,3
27.28368069,28.18912046,27.28368069,27.37422466,3
36.46373984,36.46373984,35.92509485,36.36399356,3
36.18880732,36.18880732,36.18880732,36.18880732,3
30,30,30,30,3
21.67759756,22.48047154,21.67759756,21.75788496,3
23.226261,23.226261,23.226261,23.226261,1
29,29,29,29,3
36,36,36,36,0
29.24309037,29.62154518,29.24309037,29.32418566,3
27,28.56400324,25.87199351,26.7303434,1
26,26.78393924,26,26.02902927,2
32,31.25,32,31,0
39.89000293,39.89000293,39.89000293,39.89000293,3
40,40,39,39.85714,2
30,30,30,30,3
33,33.30769,34,33,0
20.50157783,21.39295077,20.50157783,20.9472643,1
30,30,30,30,2
29,29,29,29,0
21.16351113,22.90877782,20.74526669,22.24337337,2
34,33.75,34,33,0
33,32.625,33,32,0
30,30,30,30,2
32.26165183,32.68220244,32.26165183,32.53500973,1
25.33043514,26.77391353,23.33043514,24.41814175,1
35.30382054,36,35.30382054,35.75901748,1
39.01887059,39.01887059,39.01887059,39.01887059,3
8.103903093,8.404047652,8.103903093,8.133917548,3
32,32,32,32,1
38,38,37.76317928,37.96842469,1
29.36795284,29.57863523,29.36795284,29.38300188,1
27,28,27,27.07850695,1
39.59751086,39.59751086,39.59751086,39.59751086,3
33,33,33,33,2
30,31,30,30.33333,3
38,38,37.46779199,37.92904071,1
28.73297653,29,28.73297653,28.79019432,3
30,30,30,30,2
0,0,0,0,1
22,22.83115742,22,22.55410495,2
28.43601327,28.95734218,28.43601327,28.48814616,3
38,38.54545,39,37,0
34.45394845,34.45394845,34.45394845,34.45394845,1
36,36,36,36,0
4.939966432,4.939966432,4.692968111,4.885078465,3
28.10146957,28.10146957,27.20293914,27.25286149,1
38.98277961,38.98277961,38.58622368,38.90934538,3
0,0,0,0,1
16.42812043,16.42812043,15.6067144,16.26383922,2
25.84290411,26.68580822,25.84290411,25.87411685,2
31.22758087,31.22758087,31.12528246,31.20863725,3
26.3466815,26.3466815,26.3466815,26.3466815,2
36,36,36,36,0
32.24626481,32.36939722,32.24626481,32.32630087,1
32,31.76923,32,31,0
32,30.64,32,30,0
23.03561611,24.82849289,23.03561611,23.8432877,1
28.93193917,29.46596958,28.93193917,29.04637121,3
31,28.75,31,28,0
40,39.11111,40,39,0
27.02644008,28.01762672,27.02644008,27.12555875,3
28.924266,28.924266,28.924266,28.924266,1
23,23,23,23,0
27.90339997,28.26893331,27.90339997,27.9947833,1
28.12627098,28.75084732,28.12627098,28.18872861,3
30,30,30,30,3
13.11600438,13.7121864,13.11600438,13.15575184,1
26.72246733,27.36123367,26.36123367,26.82352813,1
25,26.42857,28,25,0
27.39307696,28.19653848,27.39307696,27.47342311,3
33,32.84615,33,32,0
29.73538064,29.73538064,29.10307095,29.34626358,1
23,23,23,23,1
30,30.00707433,30,30.00235809,3
27.30204541,28.2013636,27.30204541,27.39197723,3
29,29.14286,30,29,0
23,23,23,23,0
33,29.375,33,28,0
28,28,28,28,0
2.420950571,2.521823512,2.21920469,2.298462577,1
29.32693959,29.32693959,29.32693959,29.32693959,3
25.44471241,25.88942481,25.44471241,25.46118011,2
32,32,32,32,0
35,34.85714,35,34,0
26.24386863,27.24386863,26.24386863,26.3154158,2
28,25.48,28,25,0
28.9451583,29,28.9451583,28.95690978,3
35,34.84615,35,34,0
22.79715081,22.79715081,22,22.34163492,2
29,29,29,29,0
28.70481812,29.70481812,28.70481812,28.96105242,3
22.20800775,24.5839845,22.20800775,23.79199225,2
25.869242,27.869242,24.62308067,25.75680274,1
38.74180667,38.74180667,37.74180667,38.40722317,2
27,27,27,27,0
36,35.5,36,35,0
30,30,30,30,3
35.04402892,36.02201446,35.02201446,35.65952803,2
27,28,27,27.4,2
28.51261023,29.51261023,28.51261023,28.75740336,3
15.96589876,15.96589876,15.96589876,15.96589876,2
22,22.38121648,22,22.22872989,2
30,30,30,30,3
30,30,30,30,3
26,26.05291204,26,26.00195933,2
30,30,30,30,3
34,34,34,34,0
27,27,27,27,0
30.99795001,30.99795001,30.99795001,30.99795001,3
26.83358367,26.83358367,26.59287075,26.78009245,3
29,30.30153865,27.69846135,29.02216499,2
29.40692281,29.81384561,29.40692281,29.54256239,3
36,35.45455,36,35,0
30,30,30,30,2
26,26,26,26,2
28.93354037,28.93354037,28.93354037,28.93354037,2
30,30,30,30,2
26,26,26,26,2
35,34.23077,35,32,0
30,30,30,30,3
36,35.67857,36,34,0
27,27,27,27,0
28.23001427,29.23001427,28.23001427,28.45798587,3
24,24.44275379,23.11449242,23.46237293,1
30.10730729,30.10730729,30.10730729,30.10730729,1
39,39,39,39,0
29,29,29,29,0
28.13031437,28.13031437,28.13031437,28.13031437,2
27.19404023,28.29106035,27,27.43527378,2
33.26087957,33.26087957,33.26087957,33.26087957,3
37,36.375,38,35,0
17.74287774,18.51430721,17.74287774,17.89716363,2
30,30,30,30,2
33,33,33,33,0
3.398216166,3.398216166,3.228305358,3.360458586,3
12.52981243,12.52981243,11.90332181,12.40451431,2
22.43562847,23.43562847,22.43562847,22.50271319,1
29,30.11765,31,29,0
31.37413588,6.527145408,6.527145408,6.527145408,1
36,35.26316,36,35,0
31.13415936,31.13415936,31.13415936,31.13415936,2
14.39522974,14.39522974,14.39522974,14.39522974,2
34.22215508,35.22215508,34.22215508,34.87301038,1
27,27.61011821,26.61011821,26.94249999,1
21.22767317,21.22767317,21.22767317,21.22767317,2
27,28.625,32,27,0
31.33214104,31.33214104,31.33214104,31.33214104,1
23,23.22857053,23,23.11428527,1
22,22.98611823,22,22.59167094,2
3.422928354,3.549703478,3.422928354,3.435605866,3
25.76089928,28,25.76089928,26.67789564,1
31.43482754,31.43482754,30.49572407,31.25874564,2
33,32.85714,34,32,0
31.88771411,31.88771411,31.88771411,31.88771411,2
39.22302595,39.22302595,39.22302595,39.22302595,3
30,30,30,30,2
31,31.33333,32,31,0
28,28,28,28,0
28.4606958,29.28092774,27.64046387,28.26540678,2
20,20,19,19.8,2
41.71765997,41.71765997,40.7411883,41.53683694,3
25,25.375,26,25,0
31.24252024,31.24252024,31.24252024,31.24252024,1
28.77542104,28.88771052,28.77542104,28.79006808,1
27.87708579,28.58472386,27.87708579,27.9478496,3
31.66516708,31.73213366,31.66516708,31.6739022,1
32,32,32,32,0
25,25,25,25,0
28.84131096,28.92065548,28.84131096,28.84924541,3
23.31830667,24.63661334,23.31830667,23.84483117,1
23.55406917,24.10813834,22.55406917,23.29925091,2
29.72700617,30.04525463,29.72700617,29.85430556,2
24,24,24,24,1
28.39989655,29.79979311,27,28.83736423,2
37.65909213,36.38068763,36.38068763,36.38068763,1
32,32,31.10790257,31.3512043,2
30,30,30,30,3
29,29,28.03882577,28.30096682,2
37,37,37,37,0
30,30.25,31,30,0
27.710131,28.47342067,27.710131,27.78645997,3
39,39,39,39,0
34,34,34,34,2
30.41448165,30.41448165,30.41448165,30.41448165,1
22.36647266,24.26705468,22.36647266,23.63352734,2
35,35,35,35,0
20,20,20,20,0
27.66600491,28,27,27.08056955,1
29.68068544,29.68068544,29.68068544,29.68068544,3
40.69911917,40.69911917,40.69911917,40.69911917,3
21,21.63636,24,21,0
26,26.83333,27,26,0
30,30,30,30,3
15.50480053,15.50480053,14.72956051,15.3325267,3
37.71353622,37.71353622,36.71353622,37.22226487,2
30,30,30,30,3
23,23,23,23,0
34,34,34,34,0
24,23.1,24,23,0
19.5303675,19.5303675,19,19.424294,2
26.41961618,28.30353942,26.41961618,26.806178,1
27.83229427,27.83229427,26.83229427,27.00276288,1
35,35,35,35,0
23,24,23,23.2,2
32,32,32,32,1
29.91593763,29.91593763,29.91593763,29.91593763,3
39,39.16667,40,39,0
28.44687571,28.44687571,28.44687571,28.44687571,2
32,32,32,32,0
38,38,38,38,0
30,30,30,30,3
37.73811174,37.73811174,37.73811174,37.73811174,3
27.2868999,27.2868999,27.2868999,27.2868999,2
23,23,22.67986962,22.8170679,2
39,39,39,39,0
24,24.016151,23.967698,23.98038817,1
25.3600887,26.3600887,25.3600887,25.4299575,1
35.80445249,36,35.80445249,35.93231123,1
36.69333342,36.69333342,36.13555564,36.59004413,3
32,32,32,32,0
30.7651509,30.7651509,30.7651509,30.7651509,1
33,33,33,33,0
27.36402587,28.18201294,27.36402587,27.44582458,3
28.13018831,28.13018831,28.13018831,28.13018831,2
32,32.28,34,32,0
27,28,27,27.1,3
20.8200204,20.8200204,19.91480212,20.30275152,2
30,30,30,30,3
22.37469417,23,22.37469417,22.41638331,1
32,32.15384,33,32,0
25.77934109,28,25.77934109,26.81564858,1
35.64966228,35.64966228,35.64966228,35.64966228,3
28.37664335,28.68832168,28.37664335,28.40781118,3
39,39.77778,40,39,0
22.64603648,25,22.32301824,24,2
35,35,35,35,0
39,39,39,39,0
28.15077057,28.15077057,28.15077057,28.15077057,2
30,29.68182,30,28,0
30,30,30,30,2
29.7976229,29.89881145,29.7976229,29.87935188,2
27.51321583,28,27,27.0920104,1
30,30,30,30,3
38,38,37.45403826,37.92720692,1
30,30,30,30,2
24.90461595,24.90461595,24.6030773,24.82643904,1
22.5973467,23.80530661,22.5973467,23.4026533,2
43,43,43,43,0
27.99772783,28.66515189,27.99772783,28.06447024,3
23,23,23,23,2
28.30129841,29.32051936,28.30129841,28.77693486,1
36,35.83334,36,35,0
24.52676249,25.52676249,24.52676249,24.59583797,1
39.35573378,39.48458703,38.48458703,39.31411635,2
34.68885164,35.68885164,34.68885164,35.34150372,1
28.09497812,28.14246717,27.14246717,27.21913321,1
27,27,27,27,0
12.80955088,12.80955088,12.80955088,12.80955088,1
23.42130059,24.42130059,23.42130059,23.81597544,1
26.78894429,26.78894429,26.78894429,26.78894429,2
30,30,29,29.83333,2
28.72850006,29.09275009,28.09275009,28.31019737,1
28.47683173,28.47683173,27.95366346,27.98273068,1
8.651001089,9.044228412,8.651001089,8.677217555,1
26.91364494,27.77785056,26.77785056,27.06865069,3
29.12307259,29.12307259,29.12307259,29.12307259,3
26,26,26,26,2
40,40,40,40,0
22.77763561,23.62125175,22.77763561,22.86199723,3
22.99423278,24,22.99423278,23.49711639,1
27.17747639,28,27,27.06861345,1
27.69746574,27.95797259,26.69746574,27.15965456,2
26.54657445,26.54657445,26.54657445,26.54657445,2
23.56574463,24.34861694,22.78287231,23.56574463,2
30,30,30,30,2
32.51424369,32.7264946,32.51424369,32.59914405,2
22.89577872,14.20844256,13.49802043,14.06635814,2
39.3515041,39.3515041,39.3515041,39.3515041,3
36,36.25,37,36,0
8.756620538,9.121479727,8.02690216,8.313579322,1
36.56764131,37.25411305,36.25411305,36.91197935,1
23.51399836,23.68533115,23.51399836,23.57110872,2
32,30,32,29,0
37,36.81818,37,36,0
23.27929853,25.70573137,23.27929853,24.44987167,1
34.15818169,35.15818169,34.15818169,34.80879069,1
29,29,29,29,3
28.22313284,29,28.22313284,28.38959993,3
30,30,30,30,2
30,30,30,30,3
29.14107372,29.14107372,29.14107372,29.14107372,3
8.126429988,8.427408876,8.126429988,8.156527877,3
23,23,22.01312767,22.43607155,2
26,27,26,26.25,1
32.49613479,32.49613479,32.49613479,32.49613479,3
29.63082062,29.63082062,29.63082062,29.63082062,2
32.82758031,32.82758031,32.82758031,32.82758031,1
26.9921237,28.98687284,26.9921237,27.41956852,1
41.73794899,41.73794899,41,41.60129559,3
31.87630276,31.87630276,31.87630276,31.87630276,3
34,34.84031046,34,34.5462018,1
29,29,29,29,0
36,35.33333,36,35,0
21,21,21,21,0
27.8773382,28,27.8773382,27.88609993,1
27.77697966,27.88848983,26.88848983,26.96573187,1
40,40,40,40,0
30,30,30,30,3
19.87666335,20.7408661,19.87666335,20.30876472,1
28.19739699,28.79826466,28.19739699,28.25748376,3
31.32807769,31.32807769,31.32807769,31.32807769,1
28,28,28,28,0
30,30.06667,31,30,0
25.92332339,26.15335321,25.92332339,26.03067064,1
26,27,26,26.39060512,1
37,37.5,38,37,0
34.65733906,35.57167382,34.65733906,35.25517684,1
28.2932571,29,28.2932571,28.44469797,3
34.63096063,34.63096063,34.63096063,34.63096063,3
26,26,26,26,2
22.01630655,24.9673869,22,23.9743754,2
30,30,30,30,2
33.7772927,33.7772927,33.7772927,33.7772927,3
27.28879196,28.28879196,27.28879196,27.41125324,3
34,34,34,34,0
27,25.3913,27,25,0
29.25069926,29.25069926,29.25069926,29.25069926,3
31.98566467,31.98566467,31.98566467,31.98566467,1
38,35.7,38,35,0
23,24,23,23.2,2
29.88349376,29.88349376,29.76698752,29.81179699,1
23,23,23,23,2
29.36315764,30.36315764,29.36315764,29.64695617,3
37,37.1,38,36,0
31.66194981,31.66194981,31.66194981,31.66194981,1
27.07958303,28.92041697,25.15916606,26.51353565,1
31.3717766,31.3717766,31.3717766,31.3717766,1
31,31,31,31,0
34.27538508,35.27538508,34.27538508,34.92644531,1
11.58822688,11.58822688,11.58822688,11.58822688,2
30,30,30,30,2
26.4590082,27.4590082,26.4590082,26.74198291,1
6.801158276,7.053053027,6.801158276,6.826347751,3
22.50309689,24.33539793,22.41924741,23.3400566,1
20.5567391,20.5567391,20.5567391,20.5567391,2
27.56292557,28,27,27.08828813,1
28.36922136,28.36922136,25.59075417,27.84825876,2
24.76999788,24.76999788,23.76999788,24.15259513,2
26,26,26,26,2
31.73027381,31.73027381,31.73027381,31.73027381,2
23,23,22.19145333,22.53797218,2
28,28,28,28,0
0,0,0,0,2
29.60290493,29.73526995,29.60290493,29.61614143,3
30,30,30,30,2
29.97064784,30.94129568,29.97064784,30.29419388,3
24.24791121,24.24791121,23.49749345,23.81909999,2
30,30,30,30,2
26,27,26,26.03703,2
37,36.5,37,36,0
28.48939466,3.021210679,2.870150145,2.990998573,2
32,30.79167,32,30,0
29.59612358,29.73074906,29.59612358,29.60958613,3
40.4581624,40.4581624,40.4581624,40.4581624,3
24,24,24,24,0
29.29834255,29.29834255,29.29834255,29.29834255,3
36,36.26923,37,36,0
0,0,0,0,2
25,26,28,25,0
5.787269797,5.787269797,5.497906307,5.729397099,2
31,31,32,30,0
32.30821889,32.61643777,32.30821889,32.46232833,2
38,41.5,44,38,0
35,34.10526,35,33,0
32,31.40909,32,31,0
13.97499392,13.97499392,13.97499392,13.97499392,2
29.0131138,29.0131138,29.0131138,29.0131138,3
22.5903089,23.8193822,22.5903089,23.4096911,2
27.96246475,28.64164317,27.96246475,28.03038259,3
32,31.75,32,31,0
31,31,31,31,0
23.42421861,24,23.42421861,23.71210931,1
27.17739131,28.11826088,27.17739131,27.27147827,3
30,29.33333,30,29,0
29.30857626,29.30857626,29.30857626,29.30857626,3
30,30,30,30,3
9.413518487,9.413518487,9.004235074,9.179641666,2
30,30,30,30,3
32,32,32,32,1
30,30,30,30,2
33,33.51724,35,33,0
30.80136595,30.80136595,30.80136595,30.80136595,3
27,27,27,27,0
31,31,31,31,0
29,30.22001785,27.77998215,28.95180521,2
26.00074638,26.66766184,26.00074638,26.04838415,1
35.00521182,36.00347454,35.00347454,35.65769427,1
26.77513824,27.77513824,26.77513824,26.88672181,1
22.983849,22.983849,22,22.42164817,2
19.88801309,20.7166803,18.23067867,18.88177907,1
31,31,31,31,2
27.76460262,28.76460262,27.76460262,27.9519814,3
25.20470735,25.85529577,24.85529577,25.2664692,3
36.41162064,36.41162064,36.41162064,36.41162064,3
11.66814363,11.66814363,11.08473645,11.53849888,3
20.31293263,21.06526347,20.31293263,20.38816572,3
31.32507727,31.32507727,31.19256954,31.30614722,2
28.07464914,28.71643276,28.07464914,28.1388275,3
38.60007143,38.60007143,38.60007143,38.60007143,1
24.62062755,24.62062755,24.13403061,24.51249598,3
13.54237037,13.54237037,12.86525185,13.39190109,3
29,29,29,29,0
22,22,22,22,0
38,38,38,38,1
24.63772259,25.63772259,23.06287098,23.69675136,1
22.49916448,23.24958224,22.49916448,22.54919483,1
29.74499954,29.74499954,29.74499954,29.74499954,3
35,35.375,36,35,0
30,30,30,30,3
27.9917473,28.74793683,27.9917473,28.34463575,1
31.96460067,31.96460067,31.96460067,31.96460067,1
28,29.08334,30,28,0
23,23.57153679,23,23.11430736,2
35,35,35,35,0
27,28,27,27.09817651,1
33.97233548,34.62978064,33.62978064,34.14585081,2
7.775104518,8.12851836,7.775104518,7.798666619,1
23,23,23,23,0
27,27,27,27,0
30,30,30,30,2
32,31.33333,33,31,0
28.01129996,28.67419997,28.01129996,28.14387996,2
30,30,30,30,3
36.23490005,36.23490005,36.23490005,36.23490005,3
30,30,30,30,3
23.42816354,25.90421805,23.42816354,24.61858534,1
26.41264424,26.41264424,26.41264424,26.41264424,2
28,28,28,28,0
31.23733731,31.23733731,30.61866866,30.78739816,2
28.94458765,29.20844074,28.20844074,28.83166452,2
30,30,30,30,0
29,29.36364,30,29,0
27.99391531,29.49087297,27,28.40512232,2
4.360589601,4.360589601,4.142560121,4.316983705,2
30,30.24617456,30,30.08205736,3
27,27,27,27,0
38,38,38,38,1
29.90007065,29.90007065,29.90007065,29.90007065,3
28.58136999,29.05424666,28.58136999,28.62865765,3
23.8486436,24.8486436,22.1513564,22.89383085,1
32,32.54546,33,32,0
27,27,27,27,2
23.04962709,24,23.04962709,23.52481355,1
28,28,28,28,0
29,29,29,29,1
13.31008636,13.31008636,13.31008636,13.31008636,2
30,30.45833,32,30,0
30.0173824,30.0173824,30.0173824,30.0173824,1
29.90596381,29.92947286,29.90596381,29.91184107,1
34.36528857,34.36528857,34.36528857,34.36528857,3
28,28,27.06860122,27.12034974,1
27.50621281,28.3374752,27.50621281,27.58933905,3
30,30,30,30,2
35,35,35,35,0
28.51407758,29.00938505,28.51407758,28.56360832,3
31,30.44444,31,30,0
32,32.63636,36,31,0
23.64306548,24.46459823,22.82153274,23.64306548,2
22,22.33334,23,22,0
39.44319883,39.44319883,38.44319883,39.16554173,1
28.95076004,29.30050669,28.95076004,29.02070937,2
30,30.95328558,30,30.31775868,3
30.91120874,31.21494499,30.91120874,31.06307686,2
30,30,30,30,0
26,26.77408072,26,26.19352018,1
30,30,30,30,2
38,38,37.01312767,37.86842031,1
30,30,30,30,3
35.84264716,35.84264716,35.20220597,35.75725713,1
22.0260057,23,22.0260057,22.61040228,2
27,27.41631294,26.41631294,26.87841053,1
30,30,30,30,3
27.28769891,28.19179927,27.28769891,27.46851898,2
30,30,30,30,2
28.68239681,29,28.68239681,28.75045282,3
33,33.71428,35,33,0
26.74864378,26.74864378,26.74864378,26.74864378,2
34,33,34,32,0
22,22,22,22,0
28,28,28,28,0
27,27,27,27,2
32.56592527,32.56592527,32.56592527,32.56592527,2
31,31,31,31,0
30,30,30,30,2
29.90353203,29.90353203,29.90353203,29.90353203,3
29.51782669,29.67855112,29.51782669,29.53389913,3
26.64697346,28,26.64697346,27.00150765,1
30.9670332,30.9670332,30.8864471,30.95211026,3
28,29,28,28.80769,2
29.98456635,29.98456635,29.98456635,29.98456635,1
27.66956937,28.33043063,26.33913874,26.86097271,1
26,26,26,26,0
30,30,30,30,3
30.46672887,30.64448591,28,30.03473139,2
24.98378081,26.2378356,24.98378081,25.4243219,1
36,35.5,36,35,0
29.39916889,30.39916889,29.39916889,29.81333616,1
28.23610062,28.23610062,28.23610062,28.23610062,2
19.6527846,19.6527846,19,19.52222768,2
38.55646652,38.55646652,38.55646652,38.55646652,3
28.33768484,28.89178989,28.33768484,28.39309534,3
37.90301112,38.32240889,37.32240889,37.98369641,1
36.65644346,36.65644346,36.65644346,36.65644346,3
32.29757386,32.59514771,32.29757386,32.44636078,2
30,29.77778,30,29,0
30,30,30,30,2
33,33.03704,34,33,0
30,30,30,30,3
25.4141997,25.4141997,24.9427998,25.29198456,1
29,29,29,29,3
36,36,36,36,0
25.26816266,25.26816266,24.89013555,24.99323489,2
30,29.55556,30,28,0
30,30,30,30,2
30.6654006,30.6654006,30.3327003,30.42343765,2
34,34,34,34,0
30,30,30,30,2
30,30,30,30,3
31,31,31,31,0
23,23.75716485,23,23.15143297,2
26.30758747,26.30758747,26.15379373,26.16233851,1
28,28,28,28,0
31,30.66667,32,28,0
29.26758086,29.51172057,29.26758086,29.29199483,3
24,23.45455,24,23,0
27.92777027,28.6958277,27.23194257,27.91902196,2
36.18887802,36.18887802,36.18887802,36.18887802,3
36.64224183,31.55064869,30.72036846,31.43994743,1
35.98915021,28.44846347,28.44846347,28.44846347,1
32.95912901,32.95912901,32.94550535,32.95685836,2
23,23.13464449,23,23.0269289,2
35.21526916,36.17221533,35.17221533,35.82661685,1
27.50949598,28,26.67299732,26.94837506,1
33,33,33,33,0
29,29,29,29,3
28.05536217,29,28.05536217,28.25777917,3
21.12243828,21.90475081,21.12243828,21.20066953,3
30,30,30,30,2
25.69822951,28.2792918,25.69822951,26.90272525,1
27,27,27,27,0
26.51681821,27.03363643,26.51681821,26.60910644,2
28.76371038,28.84247359,28.76371038,28.78340118,1
41,40.57143,41,40,0
32,32.71428,34,32,0
1.148397106,1.190930332,1.148397106,1.152650429,3
23,23,23,23,2
31,31,31,31,2
28.73451909,29.44543257,28.73451909,29.01888448,2
33,34.30769,36,33,0
30,30,30,30,2
28.98071436,28.98071436,28.98071436,28.98071436,2
38.1986724,38.1986724,37.1986724,37.7813261,2
24,24.11111,25,24,0
28.49238686,28.74619343,28.49238686,28.51776752,3
29,29.64706,30,29,0
30,30,30,30,2
22,22.75131205,22,22.45078723,2
28.00096208,28.50144312,27.50048104,27.88180255,2
30,30,30,30,2
31.49525746,31.49525746,30.74762873,30.95152951,2
30,30.07692,31,30,0
27,27,27,27,0
30,30,30,30,2
30,30,30,30,3
33,33,33,33,0
22.21557672,24.56884657,22.21557672,23.78442328,2
32.03232823,32.03232823,32.03232823,32.03232823,3
28,29,28,28.2,1
27.88435163,28.44217582,27.88435163,27.94013405,3
30,30,30,30,3
23,23,22.84557688,22.911758,2
33.69943286,33.69943286,33.69943286,33.69943286,2
26.71891987,27.71891987,26.71891987,27.23426415,1
28,28.15385,29,27,0
22,24,22,23,1
23,23.64286,24,23,0
30.67775783,30.90367711,30.67775783,30.79071747,2
20.39161296,20.39161296,20.39161296,20.39161296,2
26,27.75,29,26,0
27,28,27,27.17857,2
25,24.77778,26,24,0
23.68580822,24.68580822,23.68580822,23.90700783,1
33,33,33,33,0
37,37,37,37,0
28.61895036,28.61895036,28,28.16880633,2
21.87215955,24.7443191,21.87215955,23.78693258,2
27,27.11111,28,27,0
13.52017894,13.52017894,12.84417,13.36995623,3
19,19,19,19,2
26,26,26,26,2
32,31.375,32,31,0
37,37,37,37,3
37,37.33334,39,37,0
30,30.03846,31,30,0
37,37,37,37,0
37.19589569,37.46393046,36.46393046,37.2735573,1
24,24.01630655,23.9673869,23.98019928,1
23.67698455,23.67698455,23.67698455,23.67698455,1
34,34.33334,35,34,0
34,34,34,34,0
33.27978463,33.27978463,33.27978463,33.27978463,2
32,32.09524,33,32,0
29.89835182,29.89835182,29.89835182,29.89835182,3
37.68288006,38.14630405,37.14630405,37.90414155,2
0,0,0,0,2
27.89815313,28.34722969,27.44907656,27.79123249,2
30,30,30,30,2
33,33,33,33,0
36.3678578,36.9119052,35.9119052,36.66279103,1
27,27,27,27,0
27.61567811,28.30783906,27.61567811,27.68489421,3
24,24,24,24,1
33,32.33334,34,32,0
40,40,40,40,0
32,32,32,32,1
30.19150239,30.19150239,30.19150239,30.19150239,1
34.75346555,34.75346555,34.278119,34.68555754,2
33,33,33,33,0
30,30,30,30,2
30,30.10244684,30,30.0341486,3
23,23,23,23,2
34,34,34,34,0
30,30,30,30,2
29.77051718,29.84701145,29.77051718,29.77816661,3
29,29,29,29,3
30.10658424,30.10658424,30.10658424,30.10658424,2
18.80038436,18.80038436,18.80038436,18.80038436,1
28.12131932,29.12131932,28.12131932,28.38989091,1
36.1337913,36.60034348,35.60034348,36.36592562,1
26.13172651,26.13172651,26.13172651,26.13172651,2
26.24522194,27.24522194,25.99362926,26.37886504,2
29.38812412,29.69406206,29.38812412,29.45368051,3
27.75699272,28.24300728,26.51398545,26.91245545,1
31.49224711,31.49224711,29,30.16304865,3
29.7540168,29.7540168,29.7540168,29.7540168,3
30,30,30,30,3
30,30,30,30,3
3.549527892,3.549527892,3.372051497,3.514032613,2
26.64092259,27.3204613,25.6795387,26.48582643,2
31,31,31,31,1
42,42,41,41.81482,3
30,30,30,30,2
27.65884284,27.82942142,26.82942142,26.91814872,1
31.53183361,7.276209664,7.084730462,7.250679742,1
29.5303675,29.5303675,29.5303675,29.5303675,1
26,26,26,26,0
41,41,41,41,3
34,34,34,34,0
27,28.5072966,25.98540681,26.76463731,1
28.62929808,30.25859615,27.37070192,29.32202161,2
29.49461242,29.74730621,29.49461242,29.69871067,2
33.61688786,34.48918382,33.61688786,34.18388023,1
22.14352904,23.14352904,22.14352904,22.21033568,1
28,28,28,28,0
33.75735344,33.75735344,33.75735344,33.75735344,2
28.515494,29,28.515494,28.61931395,3
30,30.27273,32,30,0
37.41654443,37.41654443,37.41654443,37.41654443,3
20.51343807,20.51343807,19.77015711,20.36478188,2
16.31145626,16.31145626,16.31145626,16.31145626,2
25.52101371,28,25.52101371,26.59028463,1
27.20088507,28.20088507,27.20088507,27.44391341,1
23,23.8,24,23,0
26.4329145,27.243886,26.4329145,26.49084219,1
26.28099722,27.28099722,26.28099722,26.79884166,1
30,30,30,30,3
30.31838917,30.31838917,30.31838917,30.31838917,2
36,36.5,37,36,0
26.07882621,26.07882621,26.07882621,26.07882621,2
23.58167499,24,23.58167499,23.7908375,1
32,31.63158,32,31,0
28,28,28,28,0
30,31,30,30.5,1
30,30,30,30,2
30.73557924,30.73557924,30.60336886,30.65421829,1
22,22.05374509,22,22.03224706,2
37,35.6,37,32,0
22,25,22,24,2
32.68864081,33.03296122,32.68864081,32.91244908,1
27.96423138,27.98211569,26.98211569,27.04218486,1
28,29.625,33,28,0
34.07011671,35.05258753,34.05258753,34.70638558,1
24.86695101,25.75026657,24.86695101,25.30860879,1
30,30,30,30,3
24,24,24,24,1
33.66658994,34.55545325,33.66658994,34.24435109,1
34,34.77778,35,34,0
23,23,22.61259976,22.77862788,2
30,30,30,30,2
30,30,30,30,3
23.67986962,24,23.67986962,23.83993481,1
32.53994037,32.61661697,32.53994037,32.57061101,2
28,28,27,27.05556,1
30,30,30,30,2
38,38,38,38,0
40.62057662,40.62057662,40.62057662,40.62057662,3
24,24.60990668,22.78018664,23.25940252,1
30,30,30,30,2
23.84727532,25,22.92363766,24,2
28,28.76471,29,28,0
38.49734224,38.49734224,37.49734224,38.12550725,2
31.84083394,31.84083394,31.84083394,31.84083394,2
38.47569082,38.47569082,37.47569082,38.29478936,1
42,42,42,42,0
28,28.65517,30,28,0
31,31.2069,32,30,0
27,27.72727,28,27,0
31.36622855,31.36622855,31.36622855,31.36622855,2
30,30,30,30,2
30,30,30,30,3
30.96744102,30.96744102,30.96744102,30.96744102,3
30.62480526,30.62480526,30.62480526,30.62480526,3
26.32148857,27.21432571,26.32148857,26.54469786,1
19.88582456,19.88582456,18.89153333,19.66487316,3
33,32.08334,33,30,0
30,30,30,30,3
37.54296914,37.54296914,37.54296914,37.54296914,3
18.14715283,18.14715283,18.14715283,18.14715283,1
17.56025563,18.32374501,17.56025563,17.71295351,2
38.43887419,38.43887419,37.43887419,38.181972,2
38,38,37.32613608,37.91015372,1
29,29.5,30,29,0
27.85242596,28.27863894,27.42621298,27.75094891,2
29.58054977,29.58054977,29.58054977,29.58054977,3
25.17693401,25.96155668,25.17693401,25.34506688,1
29,29,29,29,3
26.02817209,27.05634417,26.02817209,26.71305198,1
37,36.72728,37,36,0
21,21,21,21,0
38,38,38,38,0
27.5393042,28.35953613,27.5393042,27.59789336,1
35,34.5,35,34,0
23.4531136,23.7265568,23.4531136,23.47134405,1
26,26,26,26,2
37,37.3,38,37,0
22.91869906,23.16260188,22.91869906,23.08130094,2
29.96096659,29.96096659,29.44144989,29.64126121,1
29.98498909,30.51528385,29.98498909,30.02034384,1
26,27,26,26.30769,1
30,30,30,30,3
32,31.5,32,31,0
30.32862145,30.32862145,30.32862145,30.32862145,1
34,34.68966,36,34,0
26,27,26,26.47384475,1
35,33.84615,35,33,0
31,31.09091,32,31,0
26.30373625,27.60747249,26.30373625,26.64814188,1
33,32.55556,33,32,0
29.0621163,29.0621163,28.09317445,28.46583917,1
24,24.09989173,23.80021653,23.87870347,1
24,24.45526303,23.08947394,23.44718321,1
34,34,34,34,0
33.20004833,33.8000725,33.20004833,33.59006404,1
9.158884735,10.40782356,9.158884735,9.99151062,2
27.24686716,28.24686716,27.24686716,27.48741959,1
33.14234412,33.14234412,33.14234412,33.14234412,3
30,30,30,30,3
36,35.5,38,34,0
22.12848205,23.06424102,22.12848205,22.1908691,1
24.84389358,24.84389358,24.38210397,24.74127469,3
33.40038746,34.10058119,33.40038746,33.85551339,1
35,34,35,33,0
22.69123251,23.58831001,22.58831001,22.85006351,2
27.52566522,27.52566522,25,27.05210299,2
38,38,38,38,0
26.20785316,27,26.20785316,26.23718636,2
29.75630284,29.83753523,29.75630284,29.77254932,2
27.538142,29.0152568,27.538142,28.22746224,1
0,0,0,0,1
32,32.85714,33,32,0
39.38433797,39.50747038,38.50747038,39.33822557,2
20,20,19,19.77778,3
34,34.18182,35,34,0
32.20066229,32.20066229,32.20066229,32.20066229,3
26,26,26,26,2
29.52348061,29.52348061,29.52348061,29.52348061,3
26,26,26,26,2
29.01204233,29.01204233,29.01204233,29.01204233,3
30,29.9,31,29,0
29.62566865,29.62566865,29.62566865,29.62566865,3
27.87634093,28.87634093,27.87634093,28.10678023,1
23.68225281,23.68225281,23.68225281,23.68225281,1
22.18891737,22.18891737,22.18891737,22.18891737,2
0,0,0,0,2
31.21239095,31.21239095,31.21239095,31.21239095,1
26.2221212,26.2221212,26.2221212,26.2221212,2
28,28.62963,29,28,0
25,24.33333,25,24,0
30.87966225,30.87966225,30.87966225,30.87966225,2
22.14656441,23.14656441,22,22.11936357,1
37,37.15384,40,36,0
31,30.4,31,30,0
25.11709126,27.76581747,25.11709126,26.35316349,1
32,32,32,32,0
36,36,36,36,0
29.23554438,29.23554438,29.23554438,29.23554438,3
22.05491502,22.05491502,22.05491502,22.05491502,2
29.25231044,29.25231044,29.25231044,29.25231044,3
33,32.88889,33,32,0
30,30,30,30,2
27,27.29910057,26.29910057,26.83964957,1
30,30,30,30,3
29.50176599,29.50176599,29.50176599,29.50176599,3
26.51576382,27.51576382,26.51576382,26.67366387,1
28.4001818,28.7000909,28.4001818,28.42160431,1
37,37,37,37,0
30,30,30,30,0
34,34.6,35,34,0
31.4831019,31.4831019,31.4831019,31.4831019,1
43,43,43,43,0
38,38,37,37.86667,1
28.81754513,29,28.81754513,28.85664156,3
31.17775704,31.17775704,31.17775704,31.17775704,1
30,30,30,30,2
34,34,34,34,0
29.28904515,29.28904515,29.28904515,29.28904515,3
26.25018836,26.25018836,26.25018836,26.25018836,2
29,29,28.38694545,28.55414382,2
34,34,34,34,0
40,40,40,40,0
23.92615573,24,23.92615573,23.96307786,1
29,29,29,29,3
22.89269271,23,22.89269271,22.95707708,2
29.76451947,29.76451947,29.76451947,29.76451947,3
30,30,30,30,3
29,29,29,29,0
27,26.14286,27,26,0
29.08577189,29.08577189,29.08577189,29.08577189,3
35,34.31579,35,34,0
29,29,29,29,2
27.61452728,28.61452728,27.61452728,27.78475546,3
28,28.84615,29,28,0
6.597078444,6.841414683,6.597078444,6.621512068,3
27.60013648,28,27.60013648,27.62869873,1
32.13408133,32.51210844,32.13408133,32.37979895,1
30,30,30,30,3
35,35,35,35,0
31.56205063,31.56205063,31.56205063,31.56205063,1
30.53312281,30.53312281,30.53312281,30.53312281,1
38,38,37.49338035,37.9324524,1
28.14020558,28.76013705,28.14020558,28.22106944,1
29.15030931,29.15030931,28.72546397,28.74906838,1
38,38,38,38,0
9.757823626,9.757823626,9.269932445,9.66024539,2
27.11596104,28.05798052,27.11596104,27.21016299,3
30,30,30,30,3
32,32,32,32,0
28.8789269,29,28.8789269,28.90487045,3
30,30,30,30,2
37.34079782,37.56053188,37.34079782,37.48447093,1
33,32.42857,33,32,0
32.82258803,32.82258803,32.82258803,32.82258803,2
30.40485229,30.40485229,30.10727843,30.22172832,1
40.07961023,40.07961023,40.07961023,40.07961023,3
24.81276503,24.81276503,24.3475167,24.70937755,3
40.26784371,40.26784371,39.61427496,40.14681585,3
23.59851838,24.74814797,23.59851838,24.08783033,1
36.92965385,36.92965385,36.92965385,36.92965385,3
23,23,22.11650624,22.49514516,2
29.75552746,29.75552746,29.75552746,29.75552746,3
31,31,31,31,0
31.14694162,31.14694162,30.86258882,30.97195375,1
28.47606267,29.214094,27.73803133,28.30034479,2
26,26,26,26,2
35.20605847,35.20605847,35.20605847,35.20605847,3
35,35,35,35,0
30.05309597,30.05309597,29.57964396,29.76173834,1
24.40183533,24.40183533,23.89092814,24.28830153,3
28.21239095,28.81858642,27.60619547,28.06806187,2
27,28.04424545,26.9115091,27.1010712,1
29,29,29,29,0
30.0274709,30.0274709,30.0274709,30.0274709,3
26.27274149,27.18182766,26.27274149,26.50001304,1
28.16710226,29.75065338,27,28.61511148,2
25.98809291,25.98809291,25.98809291,25.98809291,2
30,30,30,30,2
26.47107154,26.72589295,26.47107154,26.48806049,1
31.08041667,31.08041667,31.08041667,31.08041667,1
36.465294,36.97686266,36.465294,36.79978317,1
27,26.5,27,26,0
37,37,37,37,0
37,37.33334,38,37,0
32.23281665,32.23281665,32.23281665,32.23281665,1
28,28,28,28,0
3.851134579,3.851134579,3.851134579,3.851134579,2
29,29.5,30,29,0
28.15519597,29.07759799,28.15519597,28.90021085,2
24,25.47304603,24,24.42963597,1
24,25.30248813,22.60497627,23.32947569,1
25.41202109,25.41202109,25.41202109,25.41202109,2
34.22272295,35.18560246,34.18560246,34.83622089,1
40,40.85714,43,40,0
30,30,30,30,2
35,35,35,35,0
30.48358411,30.48358411,29.60448014,30.33706385,2
27.08590242,28.91409758,25.17180485,26.51725708,1
21,21,21,21,0
29.68886134,29.68886134,29.68886134,29.68886134,3
27.66428208,27.66428208,27.66428208,27.66428208,2
30,30,30,30,3
14.81571792,14.81571792,14.07493202,14.66756074,2
24.10593681,26.10593681,24.03531227,24.64983501,1
25.10091937,25.46789249,25.10091937,25.12713226,1
30,30,30,30,0
4.100083817,4.251938773,4.100083817,4.115269312,3
29.70769714,30.28077286,28.42692429,29.14741695,3
30,31.21428,32,29,0
6.523187909,6.523187909,6.197028514,6.450708769,3
34,33.66667,35,33,0
26,26,26,26,1
27,27.23529,28,27,0
24,24,24,24,0
30,30,30,30,2
25.74265206,26.65686941,25.65686941,25.99836935,2
30,30,30,30,2
23.44768421,23.44768421,22.83076023,23.31059136,3
35,35.25,36,35,0
30,30,30,30,3
31,31,31,31,2
30.92552857,30.92552857,30.91621964,30.92020917,2
27,26.1,27,26,0
22,22.4523552,22,22.27141312,2
35.28618562,35.28618562,35.28618562,35.28618562,3
28,28,28,28,2
30,30,30,30,3
32.23606327,32.64808436,32.23606327,32.50387698,1
27.00327856,28.00163928,27.00327856,27.10311463,3
26.06362115,27,26.06362115,26.09829526,2
39.69267852,39.69267852,38.69267852,39.39007221,1
36.00848815,36.80679052,35.80679052,36.49287029,2
31,31.5,32,31,0
30,30.14286,31,29,0
34.96427872,35.95237162,34.96427872,35.61034326,1
22.73370591,23.64494121,22.64494121,22.89820003,2
22.47334264,22.47334264,22.47334264,22.47334264,2
26.20293914,27.10146957,25.89853043,26.17913509,2
28,29.125,32,28,0
29.94481935,29.94481935,29.94481935,29.94481935,3
37.04808899,37.04808899,36.46074824,36.93932523,3
35.64861139,35.64861139,35.64861139,35.64861139,3
23.23543343,24,23.23543343,23.61771671,1
22.87421753,22.87421753,22.87421753,22.87421753,1
28,28,27.68311427,27.70072044,1
31.15835087,31.15835087,30.44793858,31.03994645,2
29.88454204,30.88454204,29.88454204,30.20889211,3
29,29,29,29,3
28.22909001,28.90227188,28.22909001,28.56568094,1
28,28.11267613,27.11267613,27.18451107,1
22.82579116,23.34841768,22.82579116,23.17420884,2
26,26.625,27,26,0
35,35,35,35,0
29,29,29,29,3
32,32.5,33,32,0
38,38,38,38,1
30,30,30,30,2
27.42361565,28.21180783,27.42361565,27.52642744,1
30,30,30,30,2
29,29,29,29,3
28.10196683,28.10196683,28.10196683,28.10196683,1
30,30.38630116,30,30.12876576,3
30.62521977,30.62521977,30.62521977,30.62521977,3
25.25978036,25.25978036,25.25978036,25.25978036,2
37.73760332,37.73760332,37.73760332,37.73760332,3
27.65791064,28,27,27.06098896,1
26,26,26,26,0
30,30,30,30,3
29,29,29,29,0
28.80649791,29.40324895,28.80649791,28.93436972,3
28.90416604,29.45208302,28.90416604,29.02157369,3
36.09612304,36.09612304,36.09612304,36.09612304,3
26.76890532,26.76890532,26.76890532,26.76890532,2
30.96999625,30.96999625,30.48499813,30.61727167,2
27,26.46154,28,26,0
28.21731064,29,28.21731064,28.38502532,3
29.0000177,29.0000177,29.0000177,29.0000177,3
34.82908229,35.77210972,34.82908229,35.44568077,1
34.86452442,35.81936589,34.86452442,35.48884751,1
34,32.14286,34,31,0
27.35084698,28.23389798,27.35084698,27.43915208,3
23.30419352,23.65209676,23.30419352,23.32738823,1
22.98633747,23,22.98633747,22.99453499,2
27,27,27,27,2
35,35,35,35,0
40,40,39,39.66666,1
21.60978601,16.78042797,15.94140657,16.61262369,2
34,34.06666,35,34,0
30,30,30,30,3
32,32,32,32,0
30.94508498,30.94508498,30.94508498,30.94508498,1
34,34,34,34,0
38,38,38,38,0
24,24,24,24,1
30.17895527,30.17895527,30.17895527,30.17895527,1
23.85798858,24.71597716,23,23.85798858,2
26,26,26,26,0
34.51705711,35.38779283,34.51705711,35.08303533,1
35,34.28572,36,33,0
39.17908383,39.17908383,39.17908383,39.17908383,3
33.18537685,33.18537685,33.18537685,33.18537685,3
29.09567545,29.09567545,29.09567545,29.09567545,3
26.181473,27.90863067,24.181473,25.46235102,1
39.32301545,39.45841236,38.45841236,39.28653951,2
27.51863617,28,27,27.09160452,1
31,32.23809,34,31,0
35,35.95238,37,35,0
37,37,37,37,0
27.48887605,27.48887605,25.25556198,27.07012966,2
26.9308859,26.9308859,26.9308859,26.9308859,2
34,32.90909,36,31,0
30,30,30,30,3
26.37469417,27,26.37469417,26.39784925,2
33.13287167,33.13287167,33.13287167,33.13287167,3
33.0109268,33.68123574,33.0109268,33.44662761,1
37.05983559,37.05983559,36.86581915,36.94043981,1
23.65753085,23.65753085,23.65753085,23.65753085,1
29,29,29,29,0
41,41,42,40,0
30,30,30,30,3
27.76203897,28.38101948,27.76203897,27.82393702,3
28.65835536,30.31671071,27.34164464,29.34577042,2
32,32,32,32,0
23.19371525,23.3874305,23,23.19371525,2
28.37830737,28.68915369,28.37830737,28.409392,3
30,30,30,30,3
35,35.5,36,35,0
28,29.75,32,27,0
26,26.38042804,26,26.09510701,1
32.41912539,17.41770278,16.9338777,17.25022673,1
29.7231556,29.7231556,29.60707883,29.69994024,2
28.99387209,28.99693604,28.99387209,28.99417848,3
27.69305938,28.69305938,27.69305938,27.84696323,3
23.30687643,23.30687643,23.30687643,23.30687643,1
29.93117302,29.95411535,29.93117302,29.93576149,2
29.74340679,29.74340679,29.74340679,29.74340679,1
15.60004573,15.60004573,14.92178287,15.21246599,2
33,34.75,38,33,0
23.06563724,24.59845586,23.06563724,23.40759331,1
41,41.25,42,41,0
26,26,26,26,0
40.30619695,40.30619695,40.30619695,40.30619695,3
29.66995148,29.66995148,29.66995148,29.66995148,3
32.47979135,17.85449775,17.35853948,17.6828218,1
29.74048824,29.74048824,29.74048824,29.74048824,3
32,32.73077,33,32,0
29.45226914,29.45226914,29.45226914,29.45226914,1
31.98662254,31.98662254,31.98662254,31.98662254,2
30.16342649,30.16342649,30.14708384,30.16109178,2
26.3340912,26.3340912,26.3340912,26.3340912,2
30,30,30,30,2
39,39.7,40,39,0
20.35061944,20.46749259,19.46749259,20.1973687,2
34.19167521,34.19167521,34.19167521,34.19167521,3
30,30,30,30,3
22.92301505,23,22.92301505,22.96920602,2
26.80047508,26.80047508,25.59976246,26.57534147,2
28.16602116,28.16602116,27.22136155,27.27384683,1
38,37.5,38,37,0
32,32,32,32,0
29.54913237,29.69942158,29.54913237,29.56416129,3
30,30,30,30,2
32.02730784,14.59661643,14.19115486,14.4562659,1
31,30.6,32,29,0
26.23520115,27.23520115,26.23520115,26.86961521,1
29,30,33,29,0
30.53871505,30.53871505,30.53871505,30.53871505,1
21.5474639,21.5474639,20.68814244,21.37559961,2
30,30,30,30,3
29.92564659,29.95043106,29.92564659,29.92812504,3
30,30,30,30,3
41.2980554,41.2980554,41,41.2428615,3
26.6362456,27.6362456,26.6362456,26.77263122,1
32,32,32,32,0
27.75932451,28.31949338,27.75932451,27.89936673,1
36,36,36,36,0
29,29,28,28.38461,1
32,31.64286,32,31,0
36,36,36,36,0
30,30,30,30,3
30.05946047,30.05946047,29,29.49441489,3
30.36124535,30.90116752,30.36124535,30.63120643,1
27.70453774,27.85226887,27.70453774,27.74147053,1
33,33,33,33,0
32,32,31.40381798,31.5664147,2
27,27,27,27,2
28,28,25,27.4375,2
29.52636595,30.02109276,29.52636595,29.59089812,1
30,30,30,30,2
30,30,30,30,0
26,26,26,26,2
30.77546849,30.77546849,30.77546849,30.77546849,3
26.99826273,27,26.99826273,26.99832706,2
33.85529585,33.85529585,33.85529585,33.85529585,1
35,36,35,35.65385,1
3.89023176,4.034314417,3.89023176,3.904640025,3
26.57944939,26.57944939,26.57944939,26.57944939,2
38.28468313,38.28468313,38.02774651,38.23710361,3
24,24.83256188,24,24.20814047,1
35,35,35,35,0
29.55101139,29.55101139,29.55101139,29.55101139,3
27.6849383,28.34246915,27.6849383,27.81644447,2
35,35,35,35,0
39,39,39,39,0
29.551856,29.551856,29.551856,29.551856,3
22.83229427,23,22,22.45731979,2
37,36.76191,37,36,0
30,30,30,30,2
33.04671992,33.04671992,33.04671992,33.04671992,2
26.18228245,26.18228245,26.18228245,26.18228245,2
21.34219035,22.13264184,21.34219035,21.4212355,3
22.85387306,22.85387306,22,22.36594438,2
27,27.57143,28,27,0
23.28296263,24.28296263,23.28296263,23.71222197,1
27.390611,28.390611,27.390611,27.53525003,3
26.09865132,26.09865132,26.09865132,26.09865132,2
23,23,22.82942142,22.90252628,2
31.90948953,31.92759162,28.96379581,30.34026309,3
27.81360542,28.70340136,27.81360542,28.22884352,1
29,29,29,29,0
31,31,31,31,2
24,24.55537225,24,24.13884306,1
24,24.125,25,24,0
30,30,30,30,3
29.40881811,29.84068176,29.40881811,29.70780164,1
26.85242596,27.85242596,26.85242596,27.08111531,1
33.37814379,33.37814379,32.37814379,32.75154891,2
33,31.46154,33,31,0
27.56538168,28.37692112,27.56538168,27.64653563,3
27.43174356,27.43174356,26.13651289,27.18888781,2
31.46764263,31.46764263,31.46764263,31.46764263,1
27,27,27,27,2
31,30.45455,31,29,0
26.10123303,26.10123303,26.10123303,26.10123303,2
11.40664833,12.96210038,11.40664833,12.44361636,2
25.67225716,28,25.44817144,26.54690163,1
26.65090259,27.43393506,26.65090259,26.84666071,1
29.44302482,29.44302482,29.44302482,29.44302482,2
26.72615586,28,26.72615586,27.32061646,1
37,36.66666,37,36,0
37.71225505,37.71225505,37.58348056,37.63300852,1
31,30.23077,32,29,0
33.58390413,33.58390413,33.28524545,33.52859852,3
35,33.55556,35,32,0
30,30,30,30,3
23.6070394,24.75879925,23.6070394,24.0961992,1
42,42,42,42,0
26.16466027,27.32932055,26.16466027,26.49225441,1
23.17226797,24,23.17226797,23.58613399,1
29,29.33333,30,29,0
26,27,26,26.63744518,1
30,30,30,30,2
30,30,30,30,3
27.95314623,27.95314623,27.24555391,27.83521181,2
32,32.30769,34,32,0
24,24,24,24,1
6.255599241,6.255599241,5.942819279,6.186093278,3
27.60113427,28.30056714,27.60113427,27.69236829,1
30,30,30,30,3
28.10080397,28.55040198,28.10080397,28.14576377,3
30,30.59091,31,30,0
36,35.11111,36,35,0
33.3997886,33.3997886,33.3997886,33.3997886,3
31,31,31,31,2
30,30,30,30,2
31,31,31,31,2
33.88886331,33.88886331,33.88886331,33.88886331,2
23,23.61107025,23,23.12221405,2
23.97381125,24.97381125,22,22.77630449,1
25.05534686,26.05534686,25.05534686,25.12492555,1
27.54882285,28.54882285,27.54882285,27.69150846,3
29.74734754,29.74734754,29.74734754,29.74734754,3
27.72294753,28,27,27.07630569,1
34.06879223,34.47972621,34.06879223,34.12239445,1
24,25.6533185,23.30663699,23.96013186,1
34.39608123,31.65178486,30.77256862,31.34744416,1
26.37662925,27.37662925,26.37662925,26.66403964,1
33,32,34,30,0
23.10196409,24.10196409,22,22.46285364,1
32.74325786,32.74325786,32.11758365,32.35822421,1
27.22318327,27.22318327,26.22318327,26.81100256,1
29,30,28,28.76191,2
34,34.27778,35,33,0
33.20750659,33.61000879,33.20750659,33.47068266,1
39.05827784,39.05827784,38.05827784,38.81911476,1
26,26.97182791,26,26.03598679,2
29.15262324,29.15262324,29.15262324,29.15262324,3
20.47076127,20.83845159,20.47076127,20.54429933,2
29.90509952,29.90509952,29.90509952,29.90509952,3
41,40.8,41,39,0
37,36.66667,37,36,0
31,31.05882,32,31,0
35,32.35714,35,32,0
31.2935435,31.2935435,31.2935435,31.2935435,3
30,30.63636,32,30,0
28.55400352,28.55400352,27.73867135,27.78397121,1
36.38364793,36.38364793,36.38364793,36.38364793,3
39,39,39,39,1
24,24.04649802,23.90700396,23.94353838,1
39.10695094,39.10695094,38.68556075,39.0289179,3
28.38793615,29.18965955,28.38793615,28.49251295,1
29,29.10526,30,28,0
30,30,30,30,3
31,31,31,31,1
32,32.05263,33,32,0
30,30.09091,31,30,0
27.99473913,28.66315942,27.99473913,28.06158116,3
22.66588136,23.66588136,22.66588136,22.79358938,1
39,39,39,39,0
29,29,29,29,2
30.14773831,30.19698441,30.14773831,30.17236136,2
36,36,36,36,0
30.7833704,30.7833704,30.7833704,30.7833704,3
35,36,35,35.64286,2
30,30.0625,31,30,0
30,30,30,30,2
26.26831872,26.26831872,26.26831872,26.26831872,1
39,38.5,39,38,0
35.05570082,36.02785041,35.02785041,35.66394666,2
10.83235881,11.30333093,10.83235881,10.92655323,2
27.56696932,28.08929243,27.04464621,27.44260941,2
25,25.22222,26,25,0
34.26202273,30.68656362,29.83415908,30.39150379,1
30,30,30,30,2
22.65149722,23.56437153,22.65149722,22.83407208,2
23,23,22.12233011,22.49847309,2
37.14314057,37.14314057,36.54787885,37.03291,3
31.35427607,31.35427607,31.35427607,31.35427607,3
25.65753269,28,25.65753269,26.64014409,1
26.90807651,26.90807651,25.54596174,26.65267999,2
30,30,30,30,2
27.67991275,28.67991275,27.67991275,27.83875913,1
34,33.75,34,33,0
36,36,36,36,0
24,24,24,24,1
37,37,37,37,0
30.50496691,30.50496691,29.6554636,29.98219107,1
24,25.16667,27,24,0
19.53895246,20.07790493,19.53895246,19.8982541,2
28.93436276,29.46718138,28.93436276,29.36471503,2
29.1962403,29.3924806,29.1962403,29.26165308,3
30,30,30,30,3
29.75523183,30.29602653,29.75523183,29.97154971,2
32.51198062,32.72455482,32.51198062,32.5970103,2
26.75862904,27.75862904,26.75862904,27.14253684,2
26.91333749,28,26.91333749,27.0423361,1
35.95463274,36.47731637,35.47731637,36.00425531,2
26.14344995,27.14344995,26.14344995,26.36783409,1
27.15103458,27.57551729,26.57551729,26.90136666,1
25.89227975,25.89227975,25.89227975,25.89227975,2
23.36604861,23.36604861,22.74005402,23.22694009,3
30,30,30,30,0
30,30.6,32,30,0
29.63154303,29.63154303,29.26308607,29.4047983,1
29.06392876,29.06392876,29.06392876,29.06392876,3
22.21404026,22.21404026,22,22.09173123,2
37,37,37,37,0
29,31,27,29.625,2
31,31,31,31,0
36,36,36,36,0
27.75219155,27.75219155,27.75219155,27.75219155,2
37,36.33333,37,36,0
32.31681738,32.31681738,30.03818136,31.25344631,2
25.2439483,25.65859774,25.2439483,25.27356671,1
23,23.65237316,23,23.13047463,2
27,27.4,28,27,0
29,28.66667,29,28,0
23,23,23,23,2
23,23,22,22.42857,2
35,35,35,35,0
28.24618635,28.8307909,28.24618635,28.3046468,3
26,26,26,26,0
35.7644071,35.7644071,34.94092037,35.27031506,2
7.843220541,7.843220541,7.843220541,7.843220541,2
29.3592791,29.3592791,29.3592791,29.3592791,3
23.87531835,24.87531835,23.87531835,24.11388941,1
30,30,30,30,3
28.52659119,29,28.52659119,28.62803323,3
23.40885878,24.81771755,23.40885878,23.94292898,1
33,32.41667,33,32,0
25,25.8125,26,25,0
25.84900753,27.15099247,25.84900753,26.27264887,1
27.08079904,28.04039952,27.08079904,27.17675909,3
26.63661334,27.31830667,25.68169333,26.48280894,2
18.95500666,18.95500666,18.95500666,18.95500666,2
26.27293101,27.27293101,25.78821835,26.03276106,1
30,30,30,30,2
26,26.75,28,26,0
30,30,30,30,2
39,39.23077,42,38,0
35.5628095,35.5628095,34.76812243,35.08599726,2
27.454035,28.454035,27.454035,27.60592212,3
23,23,23,23,0
25,25.11111,26,25,0
38,38,37.58355113,37.94447487,1
29.31176052,29.31176052,29.31176052,29.31176052,3
23,23.93575898,23,23.1871518,2
11.34113361,11.83422637,11.34113361,11.58767999,1
22,24.61827303,22,23.74551536,2
23,23.9777236,23,23.19554472,2
24,25.82551021,23.65102041,24.2696654,1
33,32.25,33,31,0
23,23,23,23,0
27.83905564,28.83905564,27.83905564,28.00431459,3
0,0,0,0,2
30.82330986,3.910721836,3.807808104,3.897000348,1
26.39453691,26.39453691,26.39453691,26.39453691,2
23.3637544,23.7275088,23,23.3637544,2
30.12724232,30.12724232,30.12724232,30.12724232,1
31.31128043,31.31128043,31.31128043,31.31128043,2
28,29.30435,32,28,0
29.86272642,30.86272642,29.86272642,30.18537974,3
23,24,23,23.2,2
24,24.68325732,24,24.19928224,1
37,34.5,37,34,0
28.76128853,29.17419235,28.76128853,28.80257891,3
11.46424544,11.94192233,10.50889165,10.88421194,1
9.932863898,9.932863898,9.501000251,9.686084054,2
25.6810223,25.6810223,25.6810223,25.6810223,2
29.08328874,29.08328874,28.16657748,28.5191538,1
28.36186024,28.36186024,28.36186024,28.36186024,2
20.641797,18.716406,17.7805857,18.52924194,2
23,23,22.61106937,22.77775337,2
28.39894013,28.93262675,28.39894013,28.45230879,3
26.15519597,27.07759799,26.07759799,26.36572321,1
34.0359809,34.0359809,34.0359809,34.0359809,3
26.60783168,27.60783168,26.60783168,27.15052087,1
23.70751789,25.41503578,23.70751789,24.26647536,1
27,27,27,27,0
23.38042804,23.76085607,22.38042804,23.02638603,2
8.467245609,9.621870011,8.467245609,9.23699521,2
31.77892419,31.77892419,31.77892419,31.77892419,3
30.8857514,31.18100187,30.8857514,31.03337664,2
29.25557125,29.25557125,29.25557125,29.25557125,3
28,28.13333,29,28,0
29.15709006,29.15709006,28.73563509,28.75905113,1
27.69864092,28.30135908,26.39728184,26.87809265,1
27.84829978,28.56553319,27.84829978,27.92002312,3
28,28,28,28,0
30,30,30,30,1
36,34.86666,36,34,0
36,36,36,36,3
26.49794655,26.99589311,26.49794655,26.53351488,1
28.64779923,28.64779923,28.64779923,28.64779923,2
24.37283281,24.37283281,24.37283281,24.37283281,1
39,39,39,39,0
36,35.13334,36,32,0
34,34.61905,35,34,0
38,38,37.34992945,37.91332609,1
30,30,30,30,3
27.34934279,28.23289519,27.34934279,27.52605327,2
30.08201942,30.08201942,30.08201942,30.08201942,2
22.12233748,22.94168332,22.12233748,22.20427207,3
30,30.83333,32,28,0
34.83888879,22.98472177,22.98472177,22.98472177,1
33,32.93334,33,32,0
34,34.9,36,34,0
29.83538815,29.91769407,29.83538815,29.85302466,3
29.14674348,29.14674348,29.14674348,29.14674348,3
34.41025623,34.41025623,34.41025623,34.41025623,3
24,25.79716664,23.59433327,24.21871472,1
30,30,30,30,3
22,22,22,22,0
35,35.85714,37,35,0
21.09045383,21.45393844,20.45393844,21.03584767,2
28,28,28,28,0
26,26,26,26,2
41.74899647,41.74899647,41,41.6102973,3
29.2735118,29.2735118,29.2735118,29.2735118,3
28.63414155,29.40069276,28.63414155,28.73413049,1
26,27,26,26.50678206,1
29,29,29,29,3
30,29.69231,30,29,0
33.75723917,33.75723917,33.4441359,33.69925871,3
27,27.5,28,27,0
26.85647096,27.82776516,26.85647096,27.24498864,2
21.45270854,21.45270854,20.93694472,21.34955578,2
28.51103355,29.25551677,28.51103355,29.1123452,2
30.26950236,30.26950236,30.26950236,30.26950236,3
22.86153317,23,22.86153317,22.94461327,2
35,36.75,38,35,0
24,24.1875,25,24,0
36.54643327,37.23714661,36.23714661,36.94628056,2
8.266093101,8.266093101,8.266093101,8.266093101,2
32,33.88889,36,32,0
31.86606683,31.86606683,31.86606683,31.86606683,2
30,30,30,30,2
25.42556239,26.23408319,25.42556239,25.69506663,2
38,38.42857,39,38,0
37,35.19048,37,34,0
28,30.18182,33,28,0
34,34,34,34,0
25,25,25,25,0
13.33112722,13.33112722,13.33112722,13.33112722,2
25,25,25,25,0
26,27,26,26.58985655,1
27,28.38121648,26.23756703,26.84088552,1
26.19588965,28.47835586,26.19588965,27.26104055,1
34,33.625,34,33,0
30.52393733,8.382997312,8.382997312,8.382997312,1
38,38,37.03386053,37.87118462,1
26.38006853,26.38006853,26.38006853,26.38006853,2
30,30,30,30,3
34,33.52941,34,33,0
30,30,30,30,2
31,30.25,31,30,0
25,26.09091,27,25,0
32.40319363,32.60479045,32.40319363,32.53423156,1
32,31.78571,32,31,0
33,33.65385,35,33,0
24,25.42783982,22.85567963,23.55480913,1
26.16602116,27.11068077,26.16602116,26.2010019,2
29.56668746,0.866625086,0.823293832,0.857958835,2
37.87966362,37.90974772,37.87966362,37.89921828,1
37.08266541,37.08266541,37.08266541,37.08266541,3
28.07312271,29,28.07312271,28.27173397,3
30,30,30,30,3
35,34.125,35,34,0
38,37.46667,39,34,0
28.33943954,29.16971977,28.33943954,29.01004858,2
34,34,34,34,2
37,36.5,37,35,0
6.525170175,6.525170175,6.525170175,6.525170175,2
38,38,37.71006277,37.96134267,1
29,26.25,29,26,0
27.268175,27.268175,27.268175,27.268175,2
30,29.08696,30,28,0
29.86091516,29.86091516,29.86091516,29.86091516,3
30,30,30,30,3
36,35.75,36,35,0
29,29,29,29,1
23.87216266,24.74432532,22.87216266,23.79911257,2
29.56742298,29.56742298,29.56742298,29.56742298,3
24,24.26867229,23.46265541,23.67375661,1
28.45430808,29,28.45430808,28.57123895,3
22,22.00668188,22,22.00445459,2
27.40497647,28.20248824,27.40497647,27.46194274,1
29,29,29,29,0
24.58184149,24.58184149,24.09093499,24.47275225,3
32,32.48276,33,31,0
26.54600977,27.36400651,26.54600977,26.75050895,1
32.52125747,32.52125747,32.52125747,32.52125747,1
26,26,26,26,0
24,24.56679697,22.86640607,23.31174978,1
23.71395927,23.71395927,23.71395927,23.71395927,1
28.88605754,28.97151438,28.88605754,28.9259374,1
26.42438981,26.42438981,26.42438981,26.42438981,2
31.10004149,31.10004149,29,29.98001936,3
27.85020316,28.85020316,27.85020316,28.04736438,3
23,23.88848983,23,23.17769797,2
26.27012263,28,26.27012263,26.86387419,1
26,27,26,26.29640571,1
32,32,32,32,0
30,30,30,30,3
34,34.44444,36,34,0
29.80968816,29.80968816,29,29.37785447,3
28.83633189,28.91816595,28.83633189,28.8445153,3
32,31.76923,33,30,0
38.52986159,38.52986159,37.81903979,38.39823161,3
23.79897677,24.06530236,23.79897677,23.88775108,2
31.05360593,7.585962694,7.375241508,7.513021556,1
29.1037727,29.40251514,29.1037727,29.13364695,3
25.63405612,28,25.63405612,26.61286215,1
35,36.66667,37,35,0
22.40510809,24.30383106,22.40510809,23.32915032,1
30,30,30,30,3
20.12993234,20.12993234,19.1948985,19.94292557,2
30,30,30,30,3
27.00628968,28.00419312,27.00628968,27.10608002,3
38,38,37.57153679,37.942873,1
36,36,36,36,0
31,31.1,32,31,0
30,30,30,30,3
36,36,36,36,0
37.92030431,37.92030431,37.92030431,37.92030431,3
27.1392438,28.8607562,25.27848759,26.54866928,1
31.98238861,31.98238861,31.98238861,31.98238861,1
14.61958576,14.61958576,13.88860647,14.45714754,3
39.34707085,39.34707085,39.34707085,39.34707085,3
27.01776385,27.01776385,26.79751539,26.96882024,3
30,30,30,30,2
37.65046324,37.76697549,36.76697549,37.60884935,1
27.88507241,28,27.88507241,27.89328169,1
12.04818565,12.59583045,12.04818565,12.08469712,1
38,37.14286,38,37,0
31,31,31,31,0
30,30,30,30,3
37.2178301,37.2178301,37.2178301,37.2178301,3
30,30,30,30,0
30,30,30,30,2
32,32,32,32,0
26.1716514,27.1716514,26.1716514,26.39099961,1
26.03071079,26.03071079,26.03071079,26.03071079,2
29.65831174,30.12664939,28.0633247,28.85448575,3
31.15827007,31.32661606,31.15827007,31.18022912,1
24.04151604,25,23.08303207,24.04151604,2
35,35.31818,36,35,0
29.12978224,29.12978224,29.12978224,29.12978224,3
30.09925419,30.09925419,30.04962709,30.06316189,2
24,25.33204868,24,24.38851198,1
36,36,36,36,0
30,30,30,30,3
25.35384025,28,25.35384025,26.51878948,1
26.27116292,27.27116292,26.27116292,26.47274136,1
27.41000071,28.41000071,27.41000071,27.75523198,1
34,34.22222,35,34,0
30,30,30,30,2
28.19037484,28.19037484,27.28556227,27.33583365,1
33,32.92308,33,32,0
31.23049306,31.64065742,31.23049306,31.43557524,2
32,32,32,32,2
30,30,30,30,2
28,28,28,28,0
29,29,28.22711293,28.43790242,2
22.61684266,22.61684266,21.90760295,22.45923541,3
28.91818945,29.91818945,28.91818945,29.26364561,1
26.96991591,26.96991591,26.96991591,26.96991591,2
25.21712769,27.78287231,25.21712769,26.36743085,1
35,35,35,35,0
23.40792148,23.81584296,23,23.40792148,2
23.45070453,23.56338066,22.56338066,22.9887315,2
30,30,30,30,3
28,28.92857,31,28,0
20,20.78571,21,20,0
35,35.1,36,34,0
29.10619195,29.10619195,27.52654799,28.73760836,2
23.17965082,23.17965082,23.17965082,23.17965082,1
28,28,28,28,0
28.06740653,28.53370326,28.06740653,28.1140362,3
39,39,39,39,0
29,29,29,29,0
33.22643548,33.6352473,33.22643548,33.49373709,1
30.13837812,30.13837812,30.13837812,30.13837812,3
28.49681463,28.74840731,28.49681463,28.51478589,1
30,30,30,30,2
38.19032416,38.19032416,38.19032416,38.19032416,3
35,35.25,36,35,0
32,28.5,32,28,0
24,24,24,24,1
28.16738477,29.16738477,28.16738477,28.39162834,3
29.40917003,29.60611336,29.40917003,29.42886437,3
27.43959446,28.29306297,27.43959446,27.61028816,2
30,30,30,30,3
30,30,30,30,3
27.00717418,27.00717418,26.78574909,26.9579691,3
30,30,30,30,3
38,38.55555,39,38,0
30,29.33333,30,28,0
35.81318947,36.54212631,35.81318947,36.28980482,1
27.07328221,28.07328221,27.07328221,27.31781507,2
2.954622553,2.954622553,2.806891425,2.925076327,2
25.42300705,27.57699295,25.42300705,26.33654894,1
24.52532537,25.52532537,24.52532537,24.8618982,1
30,30,30,30,3
29.53917623,29.53917623,29.53917623,29.53917623,3
7.075426119,7.075426119,7.075426119,7.075426119,1
31,31.375,32,31,0
37.46183827,37.46183827,37.36947062,37.44473363,3
28,28,28,28,0
30,30,30,30,3
30,30,30,30,2
29,29.76923,31,29,0
27.80612736,28.80612736,27.80612736,27.9982516,3
29.56456823,29.67342617,29.56456823,29.59178271,1
32,32.40909,34,32,0
36,35,36,34,0
34.22096966,34.22096966,34.22096966,34.22096966,3
30,30,30,30,3
37,36.90909,38,36,0
33,33.72727,34,33,0
30,30,30,30,2
30,30,30,30,2
24.62782286,25.62782286,23.25564572,23.87319709,1
29.53549671,29.53549671,29.30324506,29.31614896,1
22.15781939,24.68436122,22.15781939,23.84218061,2
28.44158749,28.44158749,27.88317498,27.91420038,1
30,30,30,30,2
30,30,30,30,3
37.49796719,37.49796719,37.49796719,37.49796719,3
21.613601,22.151468,21.151468,21.6287478,2
37,37,37,37,0
33.11961376,33.11961376,33.11961376,33.11961376,3
25.76655121,25.76655121,25.76655121,25.76655121,2
37.87805722,37.87805722,37.87805722,37.87805722,3
37,37.44444,38,37,0
16,23,28,16,0
29.38464091,30.07696137,29.07696137,29.44021627,1
37.92126995,37.92126995,37.26116412,37.79903156,3
32,32,32,32,0
27.09721773,28.0729133,27.09721773,27.48749596,2
29.37381381,29.74762761,29.37381381,29.49841716,3
30,30,30,30,3
36,35.75,36,34,0
25.19621801,27.60756399,25.19621801,26.3215128,1
29.15627054,29.43751369,29.15627054,29.18439486,3
30,30,30,30,2
37.66852953,37.66852953,37.66852953,37.66852953,1
29,28.77778,29,28,0
26.08691199,27.06952959,26.03476479,26.11113064,2
30,30,30,30,3
27,26.85185,27,26,0
30,30,30,30,2
34,32.25,34,31,0
23,23,23,23,2
25.80740353,28,25.80740353,26.67105748,1
25.91238989,26.60825993,25.26032491,25.64448866,1
30,30,30,30,3
27,28,27,27.2,2
29.0725094,29.0725094,29.0725094,29.0725094,3
27.45337471,27.68006206,27.22668735,27.39940272,2
32.40041378,11.40196547,11.10191374,11.36195957,1
29.80930553,29.80930553,29.80930553,29.80930553,3
30.47486998,30.47486998,30.1187175,30.3086643,2
30,30,30,30,2
38,37.66667,38,37,0
38,38,38,38,1
33,33.35714,34,33,0
31,32.03448,33,31,0
34,34,34,34,0
36,35.5,36,35,0
27,27,27,27,0
37,37,37,37,0
33.56040554,33.56040554,33.56040554,33.56040554,1
32.66919881,23.35548954,22.68818984,23.12193465,1
0,0,0,0,1
29.65545533,29.82772766,29.65545533,29.69236984,3
26.10467076,27.10467076,26.10467076,26.44497916,2
30,30.17647,31,29,0
30,30,30,30,2
36,36,36,36,1
27.81934624,28.54623083,27.81934624,27.8920347,3
29.10931186,29.10931186,29.10931186,29.10931186,3
28,28.9,29,28,0
30,30,30,30,3
30,30,30,30,3
25.33484239,27.66515761,25.33484239,26.34977364,1
35,34.26316,35,34,0
34,34.11111,35,34,0
28.40375843,28.93583895,28.40375843,28.45696648,3
39.29755398,39.29755398,39.29755398,39.29755398,3
23,24,23,23.2,2
30,30,30,30,3
36.50679539,37.20543631,36.20543631,36.91287153,2
27.14642357,28.09761571,27.14642357,27.21436723,1
28.62450059,29,28.62450059,28.70496261,3
31,31,31,31,0
30.3874305,30.3874305,30.3874305,30.3874305,1
29.27149456,30.27149456,29.27149456,29.6674227,1
29,29.14815,30,29,0
27.10003649,28.05001825,27.10003649,27.19503467,3
23,23.26385309,23,23.13192654,1
31.40946059,31.40946059,31.40946059,31.40946059,2
29.33297825,29.33297825,29.33297825,29.33297825,3
28.5459308,28.5459308,28.5459308,28.5459308,2
27.08101258,28.08101258,27.08101258,27.16285837,1
27,26.83333,27,26,0
29.63001515,29.81500758,29.63001515,29.66965533,3
0.448501286,0.465112445,0.448501286,0.450162402,3
32.67769498,32.67769498,32.56474581,32.66263547,1
31.27236815,31.27236815,31.27236815,31.27236815,3
23.14067854,24,23.14067854,23.57033927,1
28.19068942,29,28.19068942,28.36410849,3
28.27760855,28.85173903,28.27760855,28.39243464,2
19.4704023,19.58800288,19.4704023,19.49392242,2
24,25,22,22.78572,1
22.89894108,24,22.89894108,23.44947054,1
31.20277599,31.20277599,31.20277599,31.20277599,3
27.42865143,28.32148857,27.10716286,27.53220486,2
24.10136435,24.68727355,23.68727355,24.06793601,3
29,29,28.64769838,28.7437816,2
27.51094914,28.40875931,27.20437965,27.43722643,3
24,24,24,24,1
5.065043917,5.295273186,5.065043917,5.080393303,1
30,30,30,30,0
25.31920464,25.31920464,24.8027687,25.21591745,2
26.73918258,28,26.73918258,26.98386968,1
36,36,36,36,0
29.99961441,30.49967867,29.99961441,30.19964011,2
34,34.75,35,34,0
23,24,23,23.2,2
22,22.21429,24,22,0
29.2201446,29.2201446,28.24215906,28.61830208,1
33.97529305,33.97529305,33.97529305,33.97529305,2
32.51023498,32.51023498,31.77558746,32.33881723,2
37,37.33333,38,37,0
25.2311385,27.53772299,25.2311385,26.3075446,1
23,23,23,23,2
26.69827239,26.69827239,26.69827239,26.69827239,2
29,28.66667,29,28,0
31.83157116,31.83157116,31.77542822,31.79702136,1
31.77359505,31.77359505,31.77359505,31.77359505,3
36.4245018,36.4245018,36.2122509,36.39620239,1
32.11694847,32.11694847,32.11694847,32.11694847,1
32,31.14286,32,31,0
29.54712232,29.54712232,29.54712232,29.54712232,1
24,24.72377594,22.55244812,23.12113335,1
36.77987353,37.08490515,36.77987353,36.97814408,1
41,39,41,37,0
36,36,36,36,0
30,30,30,30,3
31,31,31,31,0
28,28,28,28,0
30.52201201,30.69601601,30.52201201,30.60901401,2
30,30,30,30,3
34,33.81818,34,33,0
33.79753393,34.6963009,33.79753393,34.38173246,1
32,33.4074,34,32,0
26.15856873,27.31713745,26.15856873,26.48542651,1
26.76805743,27.76805743,26.76805743,26.92622849,1
35,35.125,36,35,0
23.59272277,23.79029702,23.59272277,23.65858019,2
35.03438461,23.91332689,23.91332689,23.91332689,1
28.95557207,29,28.95557207,28.99145606,2
28.70863581,28.8543179,27.8543179,28.19330319,1
23.38828107,24,23.38828107,23.69414054,1
27,27.15,28,27,0
23.37381322,23.37381322,23.37381322,23.37381322,1
29,29,29,29,0
30,30,30,30,3
28.59433327,30.39149991,27,29.13312909,2
26.17250248,26.89666997,26.17250248,26.22422976,1
31.41824444,31.41824444,31.41824444,31.41824444,1
25.05291204,27.94708796,25.05291204,26.39206319,1
29.03992027,29.03992027,29.03992027,29.03992027,3
30,30,30,30,2
27.89815313,28.44907656,27.89815313,27.93750559,1
26.13470034,27.13470034,26.13470034,26.74337759,1
29.08668881,29.08668881,29.08668881,29.08668881,3
29.36302965,29.36302965,29.36302965,29.36302965,3
28.55584876,29.27792438,28.55584876,29.13906202,2
40,39.72727,40,39,0
27,24.28572,27,22,0
38.66045554,38.66045554,38.66045554,38.66045554,3
36.8853001,37.25686674,36.25686674,37.04445992,1
35,35,35,35,0
27.85616104,28.64212078,27.85616104,27.95868163,1
36,35.5,36,34,0
35,32.6,35,32,0
28.15376295,29.30752589,27,28.51431387,2
32,32.72727,33,32,0
26.04144341,26.04144341,25.04144341,25.39101698,2
27.15396989,28.07698495,27.07698495,27.17252509,1
40.17693318,40.17693318,40.17693318,40.17693318,3
24,24.1187175,24,24.02967937,1
26,26.68608857,26,26.02540586,2
32.95651063,32.95651063,32.43476594,32.57706137,2
26.84694492,27.42347246,26.84694492,26.99107681,1
31,30.68421,32,30,0
25.45499438,26.42499064,25.45499438,25.66285003,1
29.20669589,29.20669589,29.20669589,29.20669589,3
30,30,30,30,3
41.52101474,41.52101474,40.61681179,41.35357444,3
24,25,24,24.25,1
30,30,30,30,2
36,36,36,36,0
28.74793683,30.49587365,27.25206317,29.41898625,2
26.72015408,27.72015408,26.72015408,26.88405245,1
27,27,27,27,0
24,24.53657601,22.92684798,23.34844648,1
24.99460264,25.61892797,24.61892797,25.04490064,3
31,31.53846,32,31,0
28,30.66667,33,28,0
35.45918898,35.45918898,35.45918898,35.45918898,3
30.75450744,30.75450744,30.75450744,30.75450744,3
30,30,30,30,2
29.1485861,29.1485861,29.1485861,29.1485861,3
0,0,0,0,2
29,28.6,29,28,0
27.88696786,28.50957429,26.75478714,27.64584748,2
27.84479187,27.84479187,25.31041627,27.36959644,2
30,30.79241512,30,30.26413573,3
36.88830249,37.16622686,36.16622686,36.97267899,1
32.0432043,32.0432043,30.0864086,31.58661864,2
37,36.55556,38,36,0
35.41264424,36,35.41264424,35.7966868,1
38.82915564,39.02429637,38.02429637,38.68770532,1
26.89654543,27.79309086,26.89654543,27.01349082,1
29.14721771,29.14721771,29.14721771,29.14721771,3
27.18494829,28.12329886,27.18494829,27.37261841,2
29,30.11111,32,29,0
26.31774719,26.31774719,26.31774719,26.31774719,2
30,30,30,30,3
39,38.9,39,38,0
23,23,22.75699272,22.86113835,2
23,23,23,23,2
29.26053345,29.26053345,29.26053345,29.26053345,3
28,28,28,28,0
31.93367486,31.93367486,31.93367486,31.93367486,2
38.53008538,38.53008538,38.53008538,38.53008538,3
30.06131723,30.06131723,30.06131723,30.06131723,2
23,23.14699826,23,23.02939965,2
32,32,32,32,0
38.11831195,38.11831195,38.11831195,38.11831195,3
27,27,27,27,0
26,26,26,26,0
29.27774609,29.27774609,29.27774609,29.27774609,3
29,29,29,29,3
34.92874401,34.92874401,34.52161842,34.67820299,1
29.59219671,29.59219671,29.59219671,29.59219671,3
30,30,30,30,3
30,30,30,30,3
18.81764652,19.60171512,17.24950931,17.86556769,1
28,28,28,28,1
24.85795973,26.28636779,24.85795973,25.3271966,1
28.31383642,28.82845911,28.31383642,28.55399367,1
35.14773831,36.09849221,35.09849221,35.76282276,1
28.97324508,28.99331127,28.97324508,28.9826093,1
36,36.66667,37,36,0
33.0840928,33.0840928,33.0840928,33.0840928,1
25,25.5,26,25,0
28.58739824,29,28.58739824,28.92065256,2
42,41.75,42,41,0
33.3096587,33.3096587,33.03385381,33.25858515,3
32.9739174,32.9739174,32.54907206,32.71901019,2
26.82032871,27.41016435,26.82032871,26.96778762,1
31,31.66667,33,31,0
27.55495562,27.55495562,27.39439513,27.51927587,3
23,23,23,23,0
28.51267977,28.51267977,28,28.13982315,2
34,34,34,34,0
39,39,39,39,0
30,30,30,30,3
17.31919247,17.96064405,17.31919247,17.38333763,3
37.62345676,37.74897118,36.74897118,37.5889292,1
34.42806851,35.32105138,34.42806851,35.00850738,1
22.94665597,22.94665597,22.94665597,22.94665597,2
29.94750946,29.94750946,29.94750946,29.94750946,3
24.63289149,25.63289149,23.26578298,23.88197667,1
27.12922189,28.12922189,27.12922189,27.54356828,1
31.81773661,31.81773661,30.9088683,31.15674396,2
26.93407163,27.93407163,26.93407163,27.01727446,1
29.45643447,29.63762298,29.45643447,29.47455332,3
26,26,26,26,0
35.08987291,35.08987291,35.08987291,35.08987291,3
31,31,31,31,0
37.06728107,37.06728107,37.06728107,37.06728107,3
33.12650481,33.12650481,33.12650481,33.12650481,3
33,32.46154,34,32,0
30,30,30,30,3
32,31.2,32,30,0
26,26,26,26,2
30,30.7026009,30,30.35130045,1
29.82520351,29.82520351,29.23780527,29.46372451,1
35,35,35,35,0
30,29.85714,32,29,0
23,23.125,24,23,0
30,30,30,30,3
29.68161083,29.68161083,29.52241625,29.5312611,1
30.18616105,30.73099519,30.18616105,30.25722922,1
38,38,37.43804789,37.92507492,1
30,30,30,30,3
30,30.6750199,30,30.22500438,3
28.01366253,28.01366253,27.02732506,27.08212597,1
28.36009776,29.36009776,28.36009776,28.59581258,3
30,30,30,30,0
32.7074439,33.06116585,32.7074439,32.93736317,1
27,27,27,27,0
30.19041005,30.19041005,29.78561507,29.94130326,1
30,30,30,30,3
26,27,26,26.33333,2
31,31.85714,34,31,0
30.0884909,30.0884909,30.0884909,30.0884909,2
29.301976,29.53465067,29.301976,29.32524347,3
28.05933699,28.54450274,28.05933699,28.18062843,1
43,42.14815,44,41,0
30,30,30,30,3
22.24868795,23.24868795,22.24868795,22.4231219,1
26.90551369,27.90551369,26.90551369,27.0707101,2
40.27376699,40.27376699,40.27376699,40.27376699,3
37,37,37,37,0
30,30,30,30,3
26.51435154,28,26.51435154,26.95307147,1
42,42,42,42,0
32.36536661,32.82048881,32.36536661,32.66119604,1
6.616333304,6.616333304,6.285516639,6.542819224,3
23.57578139,24.15156277,23,23.57578139,2
33,32.36842,33,32,0
32,32.375,34,32,0
37,36.66667,37,36,0
30,30,30,30,2
27,27.05882,28,27,0
32,32.75,33,32,0
13.39922236,13.39922236,12.72926124,13.2503436,3
32,32,32,32,0
26.49938742,26.99877485,26.49938742,26.58856304,2
30,30,30,30,2
33,31.08333,33,29,0
25.2290733,26.2290733,25.2290733,25.40591476,1
19.98391472,20.72405971,19.98391472,20.05792922,3
20.11125045,20.11125045,19.16687567,19.92237549,2
30.97033151,30.97033151,30.97033151,30.97033151,2
36.06511859,36.06511859,36.03255929,36.06077746,1
30,30,30,30,2
24.80703664,25.80703664,24.80703664,25.00899913,1
24.70324377,25.27099169,24.27099169,24.64548938,2
30.02268806,30.02268806,30.02268806,30.02268806,1
31.50982944,31.50982944,29,30.17125374,3
26.92117379,27.92117379,26.92117379,27.06103825,1
25.8203444,27.54689626,25.8203444,26.97137898,2
10.49825196,10.49825196,9.973339359,10.38160588,3
30.69869164,30.69869164,30.69869164,30.69869164,3
23.84479187,25.68958373,23.84479187,24.41518837,1
35,35,35,35,0
29.81840511,29.81840511,29.81840511,29.81840511,3
30,30,30,30,2
28.98333049,29.32222033,28.98333049,29.01721947,3
22.15818169,24.68363661,22.15818169,23.84181831,2
40,40,40,40,0
34,34,34,34,0
26,26.8,27,26,0
26,26.95287136,26,26.23821784,1
26.7808198,27.3904099,26.3904099,26.5644986,1
28.3971876,28.9314584,28.3971876,28.45061468,3
27.97992254,27.98996127,26.98996127,27.0474732,1
27.14861382,28.09907588,27.14861382,27.24366002,3
29.26666175,29.51110783,29.26666175,29.29110636,3
30,30,30,30,3
27.48314791,28.24157396,27.48314791,27.58207701,1
36.59878041,36.79939021,35.79939021,36.2481103,2
32,32.18519,33,30,0
23.42311853,24.42311853,23.42311853,23.81733889,1
23.1812249,23.36244981,23,23.1812249,2
27.56734261,28.56734261,27.56734261,27.73217853,3
27.3550484,28.23669893,27.3550484,27.44321345,3
31.59438718,31.59438718,29,30.21071402,3
34.94194424,35.47097212,34.94194424,35.28581236,1
22.57593964,22.57593964,22.57593964,22.57593964,1
33.47734767,13.90939066,13.5616559,13.79347676,1
29,29,29,29,3
28.46252094,29,28.46252094,28.57769195,3
22.86450416,23.86450416,22,22.37748086,1
28.23543343,29,28.23543343,28.8529662,2
33.62704525,33.62704525,33.44056787,33.59208074,2
34.62933085,21.98932156,21.4106552,21.91216798,1
30,30,30,30,2
32,32,29,30.4,3
24.90138435,25.41782029,24.90138435,24.93581513,1
30.22610328,30.66957746,30.22610328,30.31479812,1
33.07937072,33.07937072,32.15874144,32.86455722,2
30,30.77268743,30,30.2575599,3
27,29,25,26.46667,1
25.18692943,25.8352956,24.8352956,25.24772126,3
30.36102297,30.36102297,27.84025574,29.77284395,2
30.65227216,30.65227216,30.32613608,30.41508318,2
25.11155796,25.84178052,24.84178052,25.12463027,3
24,25,22.51842821,23.16528203,1
25.61436992,25.61436992,25.61436992,25.61436992,2
36,34.91666,36,34,0
27.1934469,27.89508518,27.1934469,27.36885647,1
35,34.31579,35,34,0
38,38,38,38,0
28.25836774,28.62918387,28.25836774,28.306737,1
25.88290874,25.88290874,25.88290874,25.88290874,2
26.52812286,27.26406143,26.26406143,26.78823031,1
28,28,28,28,0
28.95232438,29.30154959,28.95232438,28.9872469,3
28.89509339,28.89509339,28.79018677,28.79601538,1
23.77533722,24.65590526,23.77533722,23.86339402,3
31.25317713,31.25317713,31.25317713,31.25317713,3
22,22,22,22,2
29.17299154,29.17299154,29.17299154,29.17299154,3
32.28531176,32.28531176,31.21327941,32.03517088,2
23.9423014,23.9423014,23.9423014,23.9423014,1
37.92238883,37.92238883,37.73791106,37.88822724,3
30,30,30,30,3
29,29,29,29,0
37,37,37,37,0
19.3597647,19.3597647,19.3597647,19.3597647,1
31,31,31,31,2
33.57063236,33.57063236,33.57063236,33.57063236,3
34,34,34,34,0
8.043186985,8.341082799,8.043186985,8.072976566,3
28.11761178,28.74507452,28.11761178,28.18035805,3
34.50753243,34.50753243,34.50753243,34.50753243,3
30,30,30,30,3
26.81168538,26.81168538,26.81168538,26.81168538,2
34,33.46667,34,33,0
19.43294237,22.08288905,19.43294237,21.19957349,2
23.55748805,24.55748805,22.44251195,23.10179743,1
26.93043463,26.93043463,26.46521731,26.49106479,1
26,26,26,26,0
30,30,30,30,3
25.10345457,25.10345457,25.10345457,25.10345457,2
25,25.875,27,25,0
5.006062717,5.006062717,5.006062717,5.006062717,2
29.94935187,30.89870373,29.94935187,30.26579933,3
27.90297988,28.09702012,26.80595977,26.99842582,1
22.24166337,23.24166337,22.24166337,22.33048544,1
31.07377467,31.07377467,28.14754935,30.39098877,2
0,0,0,0,1
37.67458528,37.67458528,36.67458528,37.17737858,2
40,39.86364,40,39,0
42,41.21428,42,40,0
38,38,38,38,0
27,29,27,27.42857,1
28.73613426,29.15742284,28.73613426,28.79108714,1
28.76289153,29.17526102,28.76289153,28.80412848,3
30,30,30,30,2
29,29.2,30,29,0
8.271921285,8.271921285,8.271921285,8.271921285,2
26.07318055,26.07318055,26.07318055,26.07318055,2
25.57031189,28.14257797,25.57031189,26.77070273,1
28.26814267,29,28.26814267,28.42496506,3
31.30019738,31.75016448,29.65009869,30.89357975,2
31.52085071,31.52085071,31.52085071,31.52085071,1
32,31.2963,32,31,0
24,24,24,24,1
34,33.88889,34,33,0
28.47303285,29,28.47303285,28.58595137,3
27.58927145,28.47141716,27.23570858,27.48891916,3
27.39239157,28,27.39239157,27.43579304,1
22.76209928,23.76209928,22,22.34066374,1
29.63135702,29.63135702,29.63135702,29.63135702,3
32.10329998,32.10329998,32.10329998,32.10329998,3
29.47587241,29.95174482,29.47587241,29.63449496,3
29.8622242,29.8622242,29.8622242,29.8622242,3
29.34798566,29.34798566,29.34798566,29.34798566,3
29.08752046,29.08752046,29.08752046,29.08752046,3
32.18920287,32.18920287,30.54730072,31.42297639,2
37,37,37,37,0
25,25,25,25,2
23.70321667,24,23.70321667,23.85160834,1
30,29.25,30,29,0
30.87694021,30.87694021,30.87694021,30.87694021,1
31.52179857,31.52179857,30.38044964,30.98916527,2
30,30,30,30,3
28.0069958,28.67133053,28.0069958,28.07342927,3
28.82486249,29.21657499,28.82486249,28.86403374,3
7.647790434,7.995417272,7.647790434,7.670966715,1
32,31.6,33,30,0
26,27,26,26.69231,1
30,30.5,33,30,0
28.59106581,28.59106581,27.59106581,27.84111601,1
23.93657074,24.32388489,23.93657074,24.0914964,2
34,34,34,34,0
35,32.75,35,31,0
21.98735363,21.98735363,21.64980484,21.91984387,2
30,30.88461,31,30,0
29.74423554,29.74423554,29.74423554,29.74423554,3
29.68442606,29.68442606,29.68442606,29.68442606,3
34.96117423,35.96117423,34.96117423,35.61487475,1
29,29,29,29,3
35,35,35,35,0
22.62576304,23.46375427,22.62576304,22.70956217,3
28.01260422,28.50630211,28.01260422,28.04786906,1
26,26,26,26,0
27,27,27,27,2
36,35.89474,36,35,0
28.87186035,29.87186035,28.87186035,29.1174474,3
30,30,30,30,3
23.66447014,24.66447014,23.66447014,23.88371379,1
36.98370908,36.98370908,36.1530909,36.87296276,1
35,35.625,36,35,0
30,30,30,30,3
29,29,29,29,3
32,32,32,32,0
37.60522935,37.60522935,36.80261467,37.49821673,1
22.08002642,24.83994716,22.08002642,23.91997358,2
25,25,25,25,0
29.06978811,29.53489406,29.06978811,29.16945101,3
31,31,31,31,0
28.46367354,28.97578236,28.46367354,28.50025348,1
38,38,38,38,0
28,28,27.0739897,27.12543884,1
24,23.93333,24,23,0
32,32,32,32,0
31,30.5,31,29,0
32,32,32,32,1
8.83394854,9.235491655,8.83394854,8.860719419,1
30,30,30,30,3
28.76360044,28.76360044,28.73733382,28.75776347,3
27.66090041,27.66090041,26.66090041,26.96841129,2
28,29,28,28.21428,3
26,26,26,26,2
31,31,31,31,1
29,29,28,28.27273,2
32.784008,20.04485759,19.48805599,19.85212072,1
31,31,31,31,2
28.04536726,28.52268363,28.04536726,28.10762841,1
29,29,29,29,0
37.6103398,37.70775485,36.70775485,37.55331793,1
38.41777127,38.73421702,37.73421702,38.52354902,2
32.67075487,33.22767317,32.67075487,33.03275176,1
33,32.38462,33,32,0
24,24,24,24,0
30,30,30,30,3
8.4552388,8.807540416,7.750635566,8.027445993,1
27,27,27,27,0
30,30,30,30,3
27.12898849,28.12898849,27.12898849,27.21700254,1
27.45684701,28.61421175,27.45684701,27.99695056,1
35,34.36666,35,34,0
37.76493003,37.86785252,37.76493003,37.77835524,1
24,24.3993186,24,24.09982965,1
32.5168981,32.5168981,32.5168981,32.5168981,2
30,30,30,30,2
25.344231,25.344231,25.344231,25.344231,2
35,34.61539,35,34,0
35,35.25,37,35,0
28.90276228,28.95138114,28.90276228,28.90762417,3
29.5806081,29.5806081,29.5806081,29.5806081,3
26,28.14286,29,26,0
23,23,23,23,0
35.38816329,36.04112247,35.38816329,35.81258676,1
0,0,0,0,2
26.57705379,27.57705379,26.57705379,26.75806123,1
31.7836153,32.37815373,31.7836153,32.08088451,2
30.90530331,30.90530331,30.45265166,30.57610334,2
29.71568209,30.71568209,29.71568209,30.02689879,3
25.4829358,28,25.4829358,26.65756576,1
30,27.27273,30,27,0
30,30.58333,33,30,0
28,27.33333,28,27,0
30.64603648,10.33658372,10.33658372,10.33658372,1
27.67519982,27.67519982,27.67519982,27.67519982,2
26.74291856,26.74291856,25.62854072,26.53397272,2
23.80522557,23.90261278,23.80522557,23.81171837,1
26.01861786,27.01861786,26.01861786,26.70634498,1
26,27,26,26.66971637,1
35,36.06667,38,35,0
28,27.5,28,27,0
32.84675702,33.79567602,32.84675702,33.32121652,2
23.05372411,23.43543962,22.43543962,22.99812293,3
28.1002727,28.1002727,28.1002727,28.1002727,2
30,30,30,30,2
30.50620144,31.00531552,30.50620144,30.57130588,1
22.54473697,23.91052606,22.54473697,23.45526303,2
29.74602597,29.74602597,29.74602597,29.74602597,3
29.89597719,30.89597719,29.89597719,30.38947576,1
36,36,36,36,0
33,33.5,34,33,0
30.37771667,30.37771667,30.37771667,30.37771667,3
25.07256353,25.07256353,25.07256353,25.07256353,2
35,35,35,35,0
22.15288327,22.87051102,21.87051102,22.23993437,2
24,24,24,24,0
30,30,30,30,3
30,30,30,30,3
32.29583234,32.29583234,32.29583234,32.29583234,3
24,24.75954534,24,24.18988634,1
20.01787846,19.97249467,18.97386994,19.77276972,2
28.39669861,29.39669861,28.39669861,28.66765632,1
29.35540288,29.35540288,29.35540288,29.35540288,3
27.05782604,28.02891302,27.02891302,27.109398,1
27,28.84893947,25.30212107,26.55802537,1
30,30,30,30,2
33.56053188,33.56053188,33.56053188,33.56053188,2
31.44386467,31.44386467,31.44386467,31.44386467,1
27,26.11111,27,26,0
31,31.37037,32,31,0
22.64525152,23.64525152,22.64525152,22.99152836,1
39,39,39,39,1
35,35.5,36,35,0
30.79649132,30.79649132,30.73011704,30.78420013,3
22.05841886,24.07789182,22.05841886,23.06620804,1
30.28366683,30.28366683,30.28366683,30.28366683,3
26.61107025,28.22214051,26.61107025,26.99262643,1
24,25.41616488,24,24.41304573,1
29.72211924,29.72211924,29.72211924,29.72211924,3
25.95000893,25.95000893,25.95000893,25.95000893,2
30,30,30,30,2
31,31,31,31,2
31.12885324,31.12885324,31.12885324,31.12885324,1
27.91652952,27.91652952,27.91652952,27.91652952,2
28.35237709,29,28.35237709,28.49114972,3
37,37.09091,38,36,0
29,29,29,29,0
22.91615052,23.16769896,22.91615052,23.08384948,2
27.03838322,5.923233561,5.627071883,5.864001225,2
28.18044376,28.7869625,28.18044376,28.24109563,3
26,26.2532162,26,26.0093766,2
29.77285698,29.77285698,29.77285698,29.77285698,2
27.55240368,28.36826912,27.55240368,27.63399022,3
36.59760839,36.59760839,36.29880419,36.55776882,1
22,23,22,22.6,2
31,30.06667,31,29,0
11.2907483,12.83039579,11.2907483,12.31717996,2
23,23,23,23,0
36,35.75,36,35,0
33,32.63158,34,32,0
31,31,31,31,0
22.25567468,23.12783734,22.25567468,22.31382177,1
31,30.92857,31,30,0
35,35,35,35,0
38,38.88889,39,38,0
30.20801068,30.20801068,30.20801068,30.20801068,3
32.00679993,32.00679993,31.50849992,31.92374827,2
22.50811643,22.50811643,22.50811643,22.50811643,2
0,0,0,0,2
30,30,30,30,2
23,23,22.56205063,22.74974259,2
35,33.6,35,33,0
35,35,35,35,0
24.92847545,25.23796726,24.92847545,24.95058245,1
29.75405802,29.83603868,29.75405802,29.76225609,3
30,30,30,30,0
36,35.20834,36,33,0
35,35,35,35,0
24.53076037,25.53076037,23.7076805,24.60152842,2
27.76335634,28.50890423,27.76335634,27.83791113,3
29,29,29,29,3
25.84701297,27.15298703,25.84701297,26.27294806,1
31,31.63636,32,31,0
24.34934279,25.34934279,22.58223798,23.28478062,1
7.001466044,7.3197145,7.001466044,7.022683668,1
31,30.58823,32,30,0
28.06615278,28.06615278,28.06615278,28.06615278,2
35.73407449,35.73407449,35.73407449,35.73407449,1
29.41902608,29.41902608,29.41902608,29.41902608,3
30,30,30,30,2
23,23,23,23,0
30,30,30,30,3
40,40,40,40,0
24,24,24,24,1
30.11152601,30.33364451,30.11152601,30.14049914,1
26.17176698,26.17176698,26.17176698,26.17176698,2
28.99295652,29.32863768,28.99295652,29.02652463,3
38.82102486,38.82102486,38.82102486,38.82102486,3
25,25,25,25,0
22,22,22,22,0
27.04071913,28.04071913,27.04071913,27.14537251,3
29.69986407,29.69986407,28.39972814,29.47379267,2
30,30,30,30,3
24,25,23,24,2
27.90130157,28.60086771,27.90130157,27.97125818,3
28,28,28,28,0
29.11603379,29.11603379,29.11603379,29.11603379,3
24,25.68377681,24,24.49109876,1
27.2930432,28.2930432,27.2930432,27.42653218,3
40,40,40,40,0
31.63107453,32.17476604,31.63107453,31.90292029,2
30,30,30,30,3
37.90008059,37.93338706,37.90008059,37.92185802,1
31,31,31,31,0
37,36.13334,37,33,0
37.84614827,37.84614827,37.84614827,37.84614827,3
31,31.63636,33,31,0
30.35889808,30.35889808,30.03834711,30.16163422,1
26.83682122,28.45920531,26.83682122,27.59393379,1
30,30,30,30,2
34,34.5,35,34,0
25.61401709,25.61401709,25.61401709,25.61401709,2
39.88889232,39.90741027,38.90741027,39.57376176,1
22.77331265,23.77331265,22.77331265,23.17508221,1
28.5973467,28.5973467,28.19469339,28.21706481,1
27.30833622,27.61667244,27,27.40469129,2
33.68088939,33.68088939,33.52133409,33.65097277,2
28,28.41176,29,28,0
42,42,42,42,0
5.05553373,5.24277572,5.05553373,5.074257929,3
27.90471165,28.6031411,27.90471165,27.95460046,1
24,24.48025278,23.03949444,23.41683865,1
28,28,28,28,0
27.57736806,27.57736806,27.26621971,27.51513839,2
33,32.625,33,32,0
28.95831468,29.95831468,28.95831468,29.22963836,3
30,30,30,30,3
30,30.45468814,30,30.1515612,3
30.22199326,30.77061868,30.22199326,30.49630597,1
28.33507364,28.8900491,28.33507364,28.39057119,3
23,23.25688802,23,23.0513776,2
29.21492942,29.21492942,26.82239413,28.76632905,2
31.13600568,31.13600568,30.56800284,30.72291426,2
27.78359509,27.78359509,26.78359509,26.98743141,1
30.1307412,0.621020677,0.621020677,0.621020677,1
23.60573413,24.4086012,22.80286707,23.60573413,2
27,28,27,27.07143,1
30,30,30,30,2
30,30,30,30,2
22.12926428,22.12926428,22.12926428,22.12926428,2
30,30,30,30,2
30,30,30,30,3
29.95282855,30.5309959,29.95282855,30.0282447,1
5.165171545,5.165171545,4.906912967,5.107781323,3
36.37763438,30.29376333,30.29376333,30.29376333,1
41.67108498,41.67108498,41,41.54681347,3
34,34.33333,35,34,0
30,30,30,30,2
28.03949444,28.55924165,27.51974722,27.91574782,2
26,26.11111,27,26,0
27,27,27,27,0
30,30,30,30,3
37,40.25,42,37,0
30,30,30,30,2
35,35,35,35,0
34,34.875,35,34,0
35.75785534,36.3183915,35.75785534,36.12220385,1
25,25,25,25,0
30,30,30,30,2
25.50912703,26.50912703,25.50912703,25.66929876,1
28.80879759,29.40439879,28.80879759,28.93642301,3
30,30,30,30,0
27.38939116,28.19469558,27.38939116,27.4699216,3
33.13655911,33.13655911,33.13655911,33.13655911,2
36.86920492,36.86920492,36.86920492,36.86920492,3
26,27.77778,30,26,0
24,24.08474904,23.83050192,23.89709093,1
30,30,30,30,2
23.28957787,24.28957787,22.71042213,23.29316032,1
29.13319999,29.13319999,29.13319999,29.13319999,3
28.5242677,29,28.5242677,28.62620762,3
40,39.63636,40,39,0
28.90924779,29.4546239,28.90924779,29.02611099,3
24,24.12128691,23.75742618,23.85272373,1
36.81899474,36.81899474,36.81899474,36.81899474,3
28.72219012,29.48887605,28.72219012,29.07997689,1
30,30,30,30,3
27.76384876,28.50923251,27.76384876,27.83838714,3
28.05709544,29.05709544,28.05709544,28.31775551,1
28.70373174,29,28.70373174,28.7672161,3
30,30,30,30,2
25.76016354,25.76016354,25.76016354,25.76016354,2
27,28.5,31,27,0
26.52703272,27.35135515,26.52703272,26.73311333,1
27.40616193,28.32492954,27.40616193,27.52600597,1
38.85984901,38.85984901,38.85984901,38.85984901,3
41.86472172,41.86472172,40.89177738,41.68455189,3
24,24.85673334,24,24.21418333,1
31,31,31,31,0
33.00265035,33.00265035,33.00265035,33.00265035,3
23.10342872,10.33720603,10.33720603,10.33720603,2
37.67014007,37.67014007,37.53611205,37.64532076,3
34.88936173,35.74113477,34.74113477,35.39360423,1
12.32156911,12.32156911,11.70549065,12.18466415,3
27.30237364,27.60474727,27,27.3968654,2
31.31944819,31.31944819,31.31944819,31.31944819,3
30,30,30,30,2
27,28.68696551,25.62606898,26.65598074,1
24.45738064,24.45738064,24.45738064,24.45738064,1
28.62277898,29.46708424,28.62277898,28.79164004,1
37,36.5,37,35,0
25.5286001,25.5286001,25.5286001,25.5286001,2
29.55981444,29.55981444,29.55981444,29.55981444,3
29.24384625,29.24384625,29.24384625,29.24384625,3
35,33.79166,35,32,0
24,24.0025359,23.9949282,23.99692071,1
33,33.125,34,33,0
27.66305441,28.3315272,27.66305441,27.72990169,3
29.36645184,29.57763456,29.36645184,29.38757011,3
23.09412444,24,23.09412444,23.54706222,1
26,26,26,26,2
34,33.8,34,33,0
23.18742011,24.17570636,23.18742011,23.68156324,1
30,30,30,30,3
29.22138178,29.22138178,29.22138178,29.22138178,3
21.65869513,21.65869513,20.84299459,21.47743015,3
29.27149994,29.63574997,29.27149994,29.56570105,2
23,23,23,23,2
23,24,23,23.5,1
31.13172651,31.13172651,31.13172651,31.13172651,1
37.91761454,37.94507636,36.94507636,37.80590194,1
29.29043808,29.58087616,29.29043808,29.3872498,3
25.22001785,27.5599643,25.22001785,26.31199286,1
26.25828089,26.25828089,26.12914045,26.13631549,1
0.746089675,0.746089675,0.746089675,0.746089675,1
36.27879186,36.27879186,36.27879186,36.27879186,3
35.02303309,36.01535539,35.02303309,35.67186303,1
31.55363515,31.69204394,31.55363515,31.64413374,1
31.28842577,31.28842577,31.28842577,31.28842577,3
30,30.6,31,30,0
26.21855036,26.8123669,25.51545863,25.85143068,1
30,30,30,30,2
28.49525746,28.74762873,27.74762873,28.0532011,1
38.58921495,38.58921495,38.58921495,38.58921495,3
32,32.2,33,32,0
34.51019032,35.41222839,34.51019032,35.09007451,2
32,31.5,32,31,0
29.53673466,29.53673466,28.07346932,29.2783775,2
23.70383832,25.40767664,23.70383832,24.26248917,1
35,35,35,35,0
1.067430306,1.067430306,1.014058791,1.055570088,3
33.83543667,33.85894572,33.83543667,33.84484029,2
26.53265118,27.53265118,26.53265118,26.7693349,1
29,29,29,29,0
31,31.25,32,31,0
24,26,24,24.58333,1
37.15963476,37.15963476,37.15963476,37.15963476,3
22,22.4946475,22,22.2967885,2
30,30.08132316,30,30.02710745,3
24.33567125,13.32973654,12.66324971,13.19643917,2
29.77044893,29.84696596,29.77044893,29.77810064,3
34,34.4,35,34,0
31.67673576,26.8277722,26.8277722,26.8277722,1
31.22615648,31.22615648,31.22615648,31.22615648,3
35,34.75,35,34,0
34,35.25,36,34,0
27,26.375,27,26,0
34,34.16667,35,34,0
22,23,22,22.06667,1
29.0026976,30.33567125,29.0026976,29.39147936,1
23,23,23,23,0
31,31,31,31,0
29.95824317,29.95824317,29.95824317,29.95824317,3
25.46609562,26.46609562,24.4434927,24.88014022,1
29.92722491,29.92722491,29.92722491,29.92722491,3
27.79131026,28.52754017,27.79131026,27.86493325,3
29,28.26667,29,28,0
39.54358511,39.54358511,39.54358511,39.54358511,3
35,35,35,35,0
30,30,30,30,0
36,35.46154,36,35,0
33,33,33,33,0
28.22974302,29.05406544,28.22974302,28.55947199,2
2.528406913,2.528406913,2.528406913,2.528406913,2
29.61037821,29.74025214,29.61037821,29.62731897,1
29.59947464,29.59947464,29.59947464,29.59947464,3
30,27.25,30,27,0
36,35.47619,36,35,0
32.41177857,32.41177857,32.41177857,32.41177857,2
29.85487294,29.85487294,29.7823094,29.78634103,1
14.1163796,14.63920847,14.1163796,14.16866248,3
29,28.22222,29,28,0
38,38,37.62260643,37.94968212,1
28.69986407,28.84993204,28.69986407,28.71058343,1
45,44.76923,45,44,0
34.3967433,35.3967433,34.3967433,35.04827076,1
32,32,31,31.27273,2
32.09247291,32.09247291,32.09247291,32.09247291,1
32,32.38461,33,32,0
33,32.33333,33,32,0
23.08041667,23.16083334,23,23.08041667,2
29.3021711,29.3021711,29.3021711,29.3021711,3
29.50269846,29.50269846,29.50269846,29.50269846,3
35.29354915,35.29354915,35.29354915,35.29354915,1
23.79255622,24,23.79255622,23.89627811,1
19.63154303,19.63154303,19,19.50523443,2
26,26,26,26,2
26.83780407,27,26,26.66114397,1
24,24.09448631,23.81102738,23.88526716,1
30,30,30,30,3
25.29390379,25.29390379,24.88211532,25.20239615,3
26,25.14286,26,25,0
28,29,31,28,0
31.76847069,31.76847069,31.76847069,31.76847069,3
25.96298236,8.074035286,7.670333522,7.993294933,2
25.24252024,25.48504049,25.24252024,25.25150077,2
27.42687734,28.42687734,27.42687734,27.57566089,3
33.56456823,33.56456823,30.89114206,32.31696044,2
40,40.40001,43,40,0
39,39,39,39,0
30,30.69942257,30,30.23313853,3
26,26,26,26,0
29.33383092,29.66691546,29.33383092,29.60285997,2
24.93518997,25.64021711,24.64021711,24.94014381,3
37,37,37,37,0
45,45,45,45,0
25.82219206,26.86664404,25.82219206,26.10553105,1
23.71091349,24.71091349,23.71091349,24.03318511,1
30,30.71678454,30,30.23892579,3
38,38,38,38,1
25.50037671,27.74981164,25.25018836,26.48524918,1
30,30,30,30,3
22.27152731,22.27152731,22.02870309,22.22296247,2
33.62682756,33.62682756,33.62682756,33.62682756,2
27.90518395,27.90518395,27.90518395,27.90518395,2
33.90593431,34.85890146,33.90593431,34.52536296,1
0,0,0,0,2
29.47957985,29.65305323,29.47957985,29.49692719,3
33.12999434,33.50665911,33.12999434,33.3762766,1
26.41570632,27.20785316,26.20785316,26.76781266,1
28,28,28,28,0
25,28,25,26.4,1
26.44901796,26.89803591,26.44901796,26.52919909,2
28,28,28,28,0
31,30.25,31,30,0
33,33.96154,36,33,0
30,30.91667,32,30,0
27,26.30769,27,26,0
30.77810865,30.77810865,30.77810865,30.77810865,3
27.01307722,28.00871815,27.01307722,27.11264131,3
23.5749786,23.7874893,23.5749786,23.58914669,1
28.30198495,29.15099247,28.30198495,28.98771984,2
22.06811831,23.06811831,22.06811831,22.13485316,1
23.33313182,23.66626364,22.66686818,22.92861651,1
22.88284999,23.88284999,22.88284999,23.03044643,1
26,26,26,26,2
15.58603925,16.16329996,15.58603925,15.64376532,3
36.19325373,36.6449403,35.6449403,36.41374337,1
31.31671071,31.31671071,31.31671071,31.31671071,1
30,30,30,30,3
25.61413457,27.38586543,25.61413457,26.30787981,1
29,29,29,29,0
33,33.68966,35,33,0
26.30503162,27.30503162,26.30503162,26.65869808,2
35.88501778,35.88501778,35.04430095,35.38058768,2
30,30,30,30,3
23.56394104,24.56394104,23.56394104,23.7739697,1
28,28.30769,29,28,0
23.66245121,24.32490242,22.33754879,22.85804995,1
23,24,23,23.2,2
32.86754689,32.86754689,32.86754689,32.86754689,1
0,0,0,0,2
30,30,30,30,2
40,40,40,40,0
25.70751225,28.17687806,25.70751225,26.85988297,1
31.60056641,31.60056641,29,30.21359766,3
24,26,27,24,0
33,33,33,33,0
25,25.22222,26,25,0
29.19088669,29.19088669,29.19088669,29.19088669,3
23.23610062,23.61805031,23.23610062,23.26156521,1
25,25,25,25,0
30,30,30,30,3
34,35,34,34.65,1
28,28.80832182,27.80832182,27.98063582,1
36,36,36,36,0
30.60876089,30.60876089,29,29.75075508,3
28.8237461,29.36780957,28.8237461,28.89471374,1
36.14646251,36.57323126,35.57323126,36.07687631,2
